subject_id,BCEA,target
28,80231696.71901336,Feliz
28,415080.48827155493,Nenhuma
28,79937417.33264291,Neutro
28,86614789.1272786,Raiva
26,41329964.3784339,Feliz
26,217326.57488454698,Nenhuma
26,21136507.509623814,Neutro
26,41927034.13881108,Raiva
41,62890877.76635832,Feliz
41,608414.4111366724,Nenhuma
41,59131993.80820026,Neutro
41,67651481.58633065,Raiva
30,43055804.5603749,Feliz
30,219254.36516535335,Nenhuma
30,39124453.055457614,Neutro
30,31457089.8897306,Raiva
54,25724751.545544412,Feliz
54,322487.90020657587,Nenhuma
54,26967593.07090797,Neutro
54,31860611.41268232,Raiva
56,21077718.428696197,Feliz
56,175226.70919437433,Nenhuma
56,21308074.95031418,Neutro
56,22556583.70423311,Raiva
55,18660297.428421583,Feliz
55,164961.7406472464,Nenhuma
55,20339046.440358363,Neutro
55,21741534.470195483,Raiva
15,30961975.846733518,Feliz
15,169047.91222480085,Nenhuma
15,20458151.807785958,Neutro
15,38178143.95953384,Raiva
27,43132630.1657692,Feliz
27,617950.5572928281,Nenhuma
27,35272368.198913984,Neutro
27,49233012.33902415,Raiva
57,18070279.857385535,Feliz
57,413404.5960903353,Nenhuma
57,19987546.425279014,Neutro
57,24024400.072799724,Raiva
40,40273704.325238906,Feliz
40,942104.9607397614,Nenhuma
40,38461308.35577378,Neutro
40,50566638.588546485,Raiva
16,31117192.843748562,Feliz
16,227189.28636045376,Nenhuma
16,27208963.756335083,Neutro
16,30331667.977839135,Raiva
20,39748839.87068188,Feliz
20,100280.48106954986,Nenhuma
20,28977703.64731464,Neutro
20,45350272.624069035,Raiva
18,43908260.532360815,Feliz
18,1026114.3953824359,Nenhuma
18,40601055.759122245,Neutro
18,31333061.88386256,Raiva
43,22694433.25754127,Feliz
43,230801.10533522206,Nenhuma
43,25210777.41677439,Neutro
43,23599416.123371717,Raiva
58,30716727.128984325,Feliz
58,316398.67573318374,Nenhuma
58,33850779.15988917,Neutro
58,41736360.72753503,Raiva
61,26650315.78383296,Feliz
61,448249.19286146073,Nenhuma
61,15575412.646809557,Neutro
61,19798053.150910866,Raiva
32,25267231.15613766,Feliz
32,776034.7343296042,Nenhuma
32,28350470.208455466,Neutro
32,34115235.5545393,Raiva
37,25312288.038238622,Feliz
37,128546.2772721829,Nenhuma
37,20743998.876006417,Neutro
37,27729991.037285008,Raiva
44,29665806.41191428,Feliz
44,120629.0276175168,Nenhuma
44,32380351.325677995,Neutro
44,32771849.434985243,Raiva
49,22601364.905033518,Feliz
49,328621.873984839,Nenhuma
49,21950584.29959646,Neutro
49,26574938.568068676,Raiva
36,35895712.417276315,Feliz
36,133715.0715220391,Nenhuma
36,30047402.009396445,Neutro
36,25503817.94578346,Raiva
39,31900121.12903319,Feliz
39,97320.95301027238,Nenhuma
39,24377453.665201418,Neutro
39,31372584.154429596,Raiva
19,23317675.332948852,Feliz
19,134136.44062244022,Nenhuma
19,24861074.03760358,Neutro
19,28670537.83293213,Raiva
25,32019208.48992218,Feliz
25,394790.3140463821,Nenhuma
25,48245955.29712759,Neutro
25,46259597.33627663,Raiva
38,24745488.667469956,Feliz
38,357774.5217394973,Nenhuma
38,28897630.369589895,Neutro
38,33230952.687313873,Raiva
21,86603871.74030004,Feliz
21,560906.5732897306,Nenhuma
21,90020501.63043845,Neutro
21,110861303.81078044,Raiva
24,124760679.86538798,Feliz
24,814206.2639079307,Nenhuma
24,133781331.48592263,Neutro
24,126204842.59948647,Raiva
48,21268038.235189565,Feliz
48,532508.4151180332,Nenhuma
48,20797175.834683746,Neutro
48,25471158.859455347,Raiva
46,23266371.31779237,Feliz
46,98458.78094275764,Nenhuma
46,18251562.740510665,Neutro
46,24221482.264057614,Raiva
60,28225562.148229543,Feliz
60,431104.97985627706,Nenhuma
60,23535084.046564355,Neutro
60,32306115.294329338,Raiva
51,25034550.516774442,Feliz
51,278642.8796858205,Nenhuma
51,25082729.28295457,Neutro
51,23908535.59917132,Raiva
29,33429531.380893026,Feliz
29,766488.0717764886,Nenhuma
29,35590221.95862515,Neutro
29,36317423.78545287,Raiva
34,30580046.59459018,Feliz
34,189009.7756682643,Nenhuma
34,22989457.556782752,Neutro
34,26349325.789798442,Raiva
17,140102247.43549803,Feliz
17,219715.5463019514,Nenhuma
17,141406604.04444188,Neutro
17,166876738.15787596,Raiva
12,19798186.782703184,Feliz
12,113490.52190078268,Nenhuma
12,15050921.2349829,Neutro
12,21005913.418107763,Raiva
47,32204577.336760126,Feliz
47,215040.62825724427,Nenhuma
47,42917769.95633812,Neutro
47,40992981.94845082,Raiva
59,27960835.410234477,Feliz
59,717900.5092834809,Nenhuma
59,27203864.667654995,Neutro
59,35970009.18360363,Raiva
35,27286341.783530258,Feliz
35,311668.9325685172,Nenhuma
35,42499852.81598684,Neutro
35,42944473.93701264,Raiva
22,23865583.830278814,Feliz
22,186196.11913553244,Nenhuma
22,22765629.566082995,Neutro
22,25661783.98351371,Raiva
50,27423862.92084791,Feliz
50,580363.4464490141,Nenhuma
50,25904512.930557273,Neutro
50,30759633.774651743,Raiva
