sujeito_id,janela_id,target,BCEA,Var_X,Var_Y,Mean_X,Mean_Y
T12,0,0,51656.125612738906,3007.022026026026,7194.577128128127,394.114,120.143
T12,1,0,36014.106026558205,1636.6382382382378,5077.726125125126,383.98,144.051
T12,2,0,24428.052634701686,1006.9219459459459,3157.907007007007,378.676,161.57
T12,3,0,43144.059677279445,1687.4454454454456,6185.715106106106,383.0,140.147
T12,4,0,43404.56319168345,2139.33043043043,4803.957908908908,377.53,141.507
T12,5,0,30040.51326692751,1155.2974964964965,3833.0909699699696,351.401,167.511
T12,6,0,41185.59280428501,2354.066041041041,3733.2921681681682,381.905,140.818
T12,7,0,17000.74272678156,934.0537647647647,2605.8441151151146,371.483,147.973
T12,8,0,18126.580325230254,477.3636426426426,3407.9929679679676,362.689,152.955
T12,9,0,144644.24908434896,10054.131770770771,10839.776652652652,364.231,169.818
T12,10,0,15565.682041465883,573.0256646646646,2427.857933933934,369.019,157.882
T12,11,0,69940.02899541454,6068.021121121123,3944.776047047047,348.47,148.223
T12,12,0,56057.95944858367,7953.609993060375,4966.908165625723,301.90909090909093,132.4848484848485
T15,0,1,21168.413588585867,1983.8662572572573,1135.3284284284284,494.897,360.13
T15,1,1,57923.94278591072,3311.798162162162,5763.068387387388,505.694,361.791
T15,2,1,82103.71165959771,7106.4163003003005,5547.62958058058,525.954,354.757
T15,3,1,51542.758838366724,2447.9538328328326,6742.38198098098,500.489,346.701
T15,4,1,41121.443948039916,1846.6915075075076,4524.017213213214,479.572,359.702
T15,5,1,37971.02221342748,1774.3942732732733,4007.629725725726,475.489,372.148
T15,6,1,70381.18117416595,4328.2901901901905,6246.116080080081,490.71,370.494
T15,7,1,81233.19965704497,5972.436960960961,12598.546505505505,457.426,425.679
T15,8,1,250262.7934674601,17710.054765765766,17638.235114114115,480.233,460.011
T15,9,1,88017.22002085975,5624.111711711712,6851.074033033034,499.88,406.821
T15,10,1,261586.52707439612,24841.337893893895,13492.959675675676,498.038,396.278
T15,11,1,49758.34222640533,4010.049337769129,6598.225723432302,456.8659217877095,378.25698324022346
T16,0,1,61588.93121039521,1407.3527277277278,14687.4441001001,528.725,415.812
T16,1,1,55508.26518203502,3025.6546536536534,4967.124483483482,544.249,398.371
T16,2,1,70448.71062738427,1104.7216726726729,22724.15955055055,552.993,458.147
T16,3,1,12612.829100031975,418.20988088088086,1855.3801641641642,524.823,416.404
T16,4,1,33989.127403521044,1111.2297007007005,5122.589060060061,520.273,388.023
T16,5,1,56475.38715114118,3664.1410650650646,4255.405756756757,525.726,399.907
T16,6,1,125109.761115981,4355.18998098098,17852.961137137136,503.703,465.768
T16,7,1,173122.33990681983,6883.291035035035,21962.939755755757,555.516,501.928
T16,8,1,162414.55117825084,10342.0699009009,12959.28616216216,498.513,487.182
T16,9,1,248612.47704053347,23874.1752942943,14325.537661661663,497.859,459.626
T16,10,1,197953.55222968291,7301.491570570571,26177.241445445445,519.339,502.286
T16,11,1,209223.86257758056,12870.845591874715,17696.512423528482,544.6540880503145,498.8993710691824
T17,0,1,216271.08016741992,9850.021492492493,31770.167142142152,502.227,394.205
T17,1,1,338468.2258521483,36722.08506006007,15500.297272272272,521.555,401.955
T17,2,1,1624767.093632691,165379.3922312312,81461.58598598599,1058.119,610.16
T17,3,1,1475553.6457167896,198162.47231131129,65291.87577577578,678.869,546.91
T17,4,1,208067.7809891685,8751.175528461148,24621.702763148405,386.92814371257487,472.5808383233533
T18,0,1,580336.848800548,72350.87822922925,25092.837653653653,588.593,442.572
T18,1,1,72072.16329240259,7249.418518518518,3644.209633633633,523.33,381.476
T18,2,1,30728.67864814253,2044.2867657657655,2252.9426066066067,515.539,405.344
T18,3,1,18817.74991469425,747.2924434434435,2378.286965965966,502.043,394.889
T18,4,1,10525.322802785342,500.43619219219215,1087.612988988989,513.162,383.932
T18,5,1,14373.743470129555,697.5915915915916,1453.8942932932935,506.3,430.699
T18,6,1,9426.70745948167,494.68873273273283,1018.5161161161162,511.366,410.82
T18,7,1,76123.05575801907,1873.7079389389387,18287.6660970971,509.113,436.413
T18,8,1,237012.25733332676,24820.08368268268,12593.306406406407,525.701,444.77
T18,9,1,107670.61893108537,9414.328807807808,7157.675591591591,513.539,390.422
T18,10,1,79197.4081143823,6307.241305305305,4929.159575575576,533.544,415.328
T18,11,1,134665.81459096904,12239.56034188034,7272.603665716999,337.5723076923077,443.0861538461538
T19,0,1,149217.03933782136,4951.561672672673,24309.532307307305,535.917,484.985
T19,1,1,37914.66845625163,1493.7925675675674,4868.563987987986,545.185,412.476
T19,2,1,42247.68169308249,2214.384975975976,4032.5879469469473,541.403,443.371
T19,3,1,48567.13250873094,2088.6725765765764,6402.283207207208,555.436,392.226
T19,4,1,47965.456822385495,2525.6867867867863,6478.101612612612,542.17,440.567
T19,5,1,83578.05952365085,3479.5696486486495,13458.601080080078,545.411,456.461
T19,6,1,55853.318192300205,4174.418418418419,4561.241016016016,542.2,437.235
T19,7,1,140566.97591777483,4467.820556556556,29152.480255255254,550.708,524.915
T19,8,1,44024.60748745756,2164.196547547547,4604.318282282282,536.157,464.494
T19,9,1,180832.9876355813,5537.35898998999,39177.88066466467,574.037,574.404
T19,10,1,139251.16658317388,12092.263614614618,8135.10234134134,547.343,433.569
T19,11,1,207430.33989361362,26066.491706343626,8467.66556843522,528.9689213893967,472.78793418647166
T20,0,1,173226.15988583816,5318.56016016016,27520.72007607608,536.88,413.762
T20,1,1,70234.16577635959,5924.252476476476,4131.218993993994,561.424,345.635
T20,2,1,126790.25994995538,10810.994545545545,11013.895374374373,582.893,381.039
T20,3,1,103619.70686775124,4525.0254004004,11599.528404404404,525.825,385.318
T20,4,1,347689.83951602585,16985.909265265265,35061.850841841835,558.238,457.253
T20,5,1,140022.83218438728,18163.24665065065,5381.3277987987985,489.314,378.727
T20,6,1,113034.52486923688,11126.628992992994,5631.597372372372,575.306,356.115
T20,7,1,152452.37925006828,9877.961225225225,11493.628424424425,470.144,388.198
T20,8,1,90433.80692057856,7201.98077977978,5997.951942942943,528.899,346.753
T20,9,1,287183.81482344674,10643.211008766164,40218.10196859549,476.58391959798996,470.2211055276382
T21,0,1,141510.18246012737,10607.9482992993,21486.100276276276,521.093,463.768
T21,1,1,35955.751801478174,3918.9576736736735,1799.39094994995,469.778,396.479
T21,2,1,23469.106155682875,1096.4586146146146,2459.707482482482,494.562,409.515
T21,3,1,417123.93628458923,43778.809909909905,20043.935174174174,554.23,413.569
T21,4,1,1105865.154227822,104656.63454554554,58246.88448048048,933.033,364.898
T21,5,1,1325877.008439893,153742.3102852853,71343.56844444445,938.255,366.318
T21,6,1,1141314.84197551,112850.60017319767,58453.57709100093,938.1127516778523,380.0469798657718
T22,0,1,169140.55739414776,4927.983094094094,28346.366522522523,542.583,372.438
T22,1,1,68329.19428548313,1780.225981981982,13009.866170170171,557.662,316.764
T22,2,1,53689.351553413326,1882.5885635635639,8293.489905905904,559.855,321.672
T22,3,1,99965.23001793689,4171.44542042042,13306.384159159159,574.655,288.315
T22,4,1,68376.1577249572,3387.7188188188184,6737.681181181181,553.07,339.25
T22,5,1,66948.0231170135,1527.6356516516514,14678.227331331333,540.228,359.664
T22,6,1,109310.50889602133,5088.4015205205205,11601.91786886887,543.109,319.507
T22,7,1,148363.52131732213,7139.265389389389,15336.603003003002,496.626,366.86
T22,8,1,86260.70964148775,2526.4312222222225,14435.529593593594,495.047,325.956
T22,9,1,182296.0257468429,8798.735279279279,24110.72851951952,487.884,395.203
T22,10,1,172567.6022473125,7318.871626784873,23530.689252849505,475.46916565900847,371.186215235792
T24,0,1,644071.2236267705,89229.63323323322,23528.362038038038,656.08,359.518
T24,1,1,715901.4389647922,103445.60952552552,25216.389988988987,714.422,386.549
T24,2,1,1085621.0235647236,125853.98313413413,45814.586586586585,755.707,453.4
T24,3,1,1194513.2137636913,107561.08434834835,64921.74850750751,804.644,460.329
T24,4,1,1018899.4886481548,120362.62197297296,42204.23262862863,816.593,458.098
T24,5,1,787263.4790082356,101003.27327327327,29929.985584584585,684.3,387.299
T24,6,1,466586.1576720448,66322.2668108108,16561.72735835836,676.616,384.213
T24,7,1,411608.90326319984,68611.01425825826,13628.403002002002,625.234,376.799
T24,8,1,449669.8926362539,62971.032010943905,16573.86497948016,639.8372093023256,433.3139534883721
T25,0,1,358363.6470212563,18810.022493493496,37100.05837437438,572.727,422.178
T25,1,1,160998.00663102313,11995.316816816818,14681.000551551555,589.55,394.893
T25,2,1,68311.11618988885,4803.426190190191,4761.142642642642,557.394,362.35
T25,3,1,192334.0195007963,13056.01761761762,15639.37665265265,557.78,394.082
T25,4,1,81264.24105619742,7158.939115115116,5351.742717717717,554.232,379.405
T25,5,1,195721.11903482242,15843.9529039039,16590.137433433432,572.007,437.552
T25,6,1,175972.75449196115,12662.494030030028,12883.28718718719,556.592,396.89
T25,7,1,150315.6832977253,13935.43420920921,8160.115715715715,499.665,428.92
T25,8,1,288008.90440907277,27851.02406306307,14768.999399399398,516.531,455.84
T25,9,1,235436.65556955815,16340.57597997998,19101.667506506506,564.814,437.381
T25,10,1,143316.81811642152,10976.08430540827,33303.08125662778,576.4065040650406,456.349593495935
T26,0,1,134178.7996482073,5022.42992992993,17510.3432992993,545.15,280.862
T26,1,1,176069.3346898662,9153.279663663663,20258.53056156156,525.296,375.813
T26,2,1,190642.58383422546,15916.23270870871,23631.275275275275,532.782,314.0
T26,3,1,135924.404548587,11003.283087087086,12999.846946946947,531.014,314.33
T26,4,1,132453.53807183742,7557.055454454455,20806.098734734736,528.699,403.058
T26,5,1,85139.84104026301,3135.3668708708706,11645.784759759761,554.636,355.445
T26,6,1,215423.74753208767,9578.354750750752,25075.532808808806,494.098,408.082
T26,7,1,153055.25107498566,7234.062581581581,18381.027506506507,529.559,433.461
T26,8,1,232126.39179117445,16911.154254254256,16247.483322322321,547.13,350.381
T26,9,1,179679.11081843945,10051.102101101102,21749.100419419417,544.751,359.791
T26,10,1,616122.8666051334,21234.242122266187,98286.30157917901,524.8429752066115,520.5196280991736
T27,0,1,149889.0243466636,13789.983662662664,8705.769765765765,506.611,395.498
T27,1,1,92689.57091390474,6346.395031031031,6942.476251251251,507.058,401.315
T27,2,1,253886.56099442512,12578.428587587588,25105.45016116116,556.029,450.017
T27,3,1,303578.45485444245,17974.65533933934,25091.16908008008,494.854,442.967
T27,4,1,358977.457054995,20372.304704704708,30994.494605605603,493.76,486.333
T27,5,1,210285.08259715565,6026.049168168168,42105.72950550551,471.891,490.668
T27,6,1,66207.45123400618,2930.917973973974,9918.572347347346,496.212,400.515
T27,7,1,222349.74166998328,14279.883842842843,17129.62065165165,485.071,431.063
T27,8,1,436385.03264371614,33809.766790790796,28743.724683683682,487.676,487.821
T27,9,1,192923.30590411194,16473.28896796797,14784.050569569568,531.861,409.191
T27,10,1,269876.73217093124,15101.347103103102,24042.885964964964,458.838,435.911
T27,11,1,37057.0968489023,7337.154098360656,917.1836065573771,509.5081967213115,416.1803278688525
T28,0,1,916699.1338623576,59230.017441441436,70455.41078578579,604.976,540.675
T28,1,1,758834.305679781,56011.3923963964,50715.02484884885,508.614,586.276
T28,2,1,940994.4704913445,67573.16894394394,63975.24364364364,484.235,595.36
T28,3,1,980488.0126413887,74113.17327374013,63666.19552403162,526.9357429718875,571.7670682730924
T29,0,1,109821.82888167311,7167.369488488488,8219.096696696697,518.391,373.42
T29,1,1,48473.02214844088,3924.260539539539,3462.3451361361363,498.561,401.703
T29,2,1,116417.44293770942,8545.698098098099,8806.04795895896,527.76,410.217
T29,3,1,196742.9152385463,16164.802993993993,11804.768743743745,510.803,388.305
T29,4,1,108876.63366559752,8492.596612612613,6840.104743743745,497.228,410.731
T29,5,1,58318.35442106358,4393.754529529529,3775.889165165165,482.335,415.418
T29,6,1,258471.96788770572,16870.454005005005,20596.3232982983,531.357,442.205
T29,7,1,84322.36116612329,5960.397113113113,5984.863014014013,474.278,446.207
T29,8,1,179885.04464742108,14467.190934934933,11852.975174174173,484.516,440.599
T29,9,1,171850.57527274298,11936.418174174174,12086.512528528527,497.162,388.272
T29,10,1,73773.92835804797,8845.845445445446,3379.7967477477478,504.28,378.257
T29,11,1,60712.30764409584,5970.118378404068,3011.4776484007416,516.577358490566,399.6566037735849
T30,0,1,232898.39096166013,8370.656367367366,64002.12387987989,502.517,506.338
T30,1,1,260460.00995143916,5286.392031031031,69116.59837437437,515.519,529.668
T30,2,1,669692.1499750841,38304.792183183185,63441.06346346347,566.603,472.34
T30,3,1,215030.77081453113,6008.962241241242,45787.27681281281,511.939,469.408
T30,4,1,174191.54835646186,5039.369413413414,29724.728703703706,537.866,377.895
T30,5,1,139545.5272511153,3607.0239349349354,33107.280636636635,511.717,418.238
T30,6,1,380157.5215170195,16431.778482482485,54428.06898798799,559.536,410.759
T30,7,1,407163.16552867193,11697.9872982983,74133.28744344345,523.133,636.438
T30,8,1,253365.34185947521,7383.707482482483,44307.564203203205,525.365,440.019
T30,9,1,313973.2997089525,8763.595786786786,55728.17401301301,513.947,441.869
T30,10,1,162010.6989667506,3036.286590613899,43157.711375052815,531.195530726257,870.3128491620112
T32,0,1,133770.64458395125,12938.23557957958,12971.65780880881,531.716,381.793
T32,1,1,33675.563262086886,1513.1272062062062,4914.929904904904,513.589,361.355
T32,2,1,84697.24513048957,4333.289845845846,8202.123514514513,533.538,338.603
T32,3,1,56184.11939057919,1946.0039949949949,8130.166290290291,527.503,321.874
T32,4,1,42454.90086023032,2214.8766516516516,3978.9208718718714,524.235,364.243
T32,5,1,70912.72931652456,3766.8970080080076,6935.889168168168,526.333,377.061
T32,6,1,50439.772783026965,2752.298694694695,4518.90524124124,524.598,378.392
T32,7,1,71550.01912540359,4720.959950950951,5289.604004004003,519.747,389.96
T32,8,1,250443.91524536174,26803.085316316316,11921.109345345345,455.137,434.542
T32,9,1,751003.6496296491,81951.2249944506,36356.383185349616,509.03764705882355,452.63529411764705
T34,0,0,69257.60362526191,3555.1802512512513,7417.898209209209,514.173,370.383
T34,1,0,43413.90751436111,2095.939075075075,5256.1539289289285,527.192,359.285
T34,2,0,79523.66797706034,4502.73441041041,6935.237988988989,542.518,418.557
T34,3,0,42467.826691086164,1465.5806806806809,7081.02594994995,525.87,376.774
T34,4,0,27790.127846538824,3186.677668668668,1418.5672062062063,530.747,380.019
T34,5,0,70845.69119850412,6702.6944934934945,3997.554433433433,509.351,374.739
T34,6,0,27721.58532376847,1581.6924674674674,2662.7771771771772,514.735,404.46
T34,7,0,21523.165670512753,908.6323433433435,3104.390546546546,525.517,406.062
T34,8,0,48042.35383233516,4796.526925925926,2823.637553553554,495.051,395.922
T34,9,0,190340.55572073915,19065.61646046046,10637.840991991992,494.534,469.043
T34,10,0,66377.12734367818,8282.65213113113,7030.084084084084,540.711,373.5
T34,11,0,112294.20979662331,5953.495814814814,10663.253244244244,489.541,424.503
T34,12,0,0.0,4.5,2.0,566.5,379.0
T35,0,0,63356.654594914115,8652.04542042042,7951.409048048048,468.125,367.519
T35,1,0,24095.146013490008,3524.1706946946942,975.4874834834835,499.926,345.002
T35,2,0,29319.40528916973,4128.258057057057,1855.9863373373373,495.649,357.093
T35,3,0,49804.27598623065,4643.77425025025,2909.460011011011,493.282,333.143
T35,4,0,33538.18288720632,4551.174133133132,1440.6206206206207,495.571,335.2
T35,5,0,214299.04541512637,27151.961305305307,8589.707911911912,495.784,369.214
T35,6,0,136864.00242355678,9083.983014014015,10061.690801801804,484.937,360.167
T35,7,0,81217.28462264092,14114.211667667667,2632.1803713713716,445.612,356.053
T35,8,0,50908.633144938845,7420.401645645646,1703.572916916917,461.766,332.216
T35,9,0,54403.67126729221,11958.107883883884,3047.6228938938934,480.168,349.223
T35,10,0,464764.7230866593,47377.17520116717,22253.728408653547,437.4424514200299,432.3736920777279
T36,0,0,162335.3542012269,5116.057176176176,25163.103134134137,502.109,398.437
T36,1,0,106104.0588860093,2992.8687527527527,18762.448599599596,534.954,405.543
T36,2,0,256524.3794164758,6555.294778778779,60419.319603603595,521.746,483.654
T36,3,0,321016.95668009494,8191.10138038038,61461.059055055055,507.311,496.002
T36,4,0,174690.64982637236,10884.941497497497,13689.717316316315,516.962,376.549
T36,5,0,35239.416214253266,3028.676820820821,2000.8322712712713,517.184,351.331
T36,6,0,78554.42396774863,5061.552023023024,8243.582478478478,496.977,371.152
T36,7,0,79350.34641019044,3490.4667027027026,8835.630126126125,512.458,370.252
T36,8,0,306488.57210943155,14564.627411411411,33630.9728038038,510.096,407.737
T36,9,0,207781.53490968782,4398.436195195195,48559.55533033034,495.421,445.565
T36,10,0,245229.60347784933,11713.084184184183,27621.44436836837,553.23,367.726
T36,11,0,81755.65069220909,8464.85215042015,3883.9564075567646,497.1492957746479,372.4760563380282
T37,0,0,156316.79125143876,1873.011986986987,64087.707991991985,521.355,547.154
T37,1,0,32618.68465954404,1093.8485675675677,4804.2698698698705,505.909,387.28
T37,2,0,42915.63857756749,2722.7451201201206,3566.233672672673,522.575,393.669
T37,3,0,51376.35170171808,2091.1658368368367,6279.84448048048,525.573,358.442
T37,4,0,41042.37032093898,2347.8777567567563,3916.368319319319,524.239,360.757
T37,5,0,56148.96483728412,5491.229204204204,2827.8689399399404,511.895,380.077
T37,6,0,37462.76808314343,2475.6956146146144,3381.969069069069,513.509,400.43
T37,7,0,30739.64510762568,1145.845861861862,4857.448823823824,515.772,383.725
T37,8,0,85863.19806635137,9031.407643643644,3985.067531531531,481.042,389.756
T37,9,0,66476.92408357516,2887.78404004004,8218.40011911912,498.412,363.409
T37,10,0,125760.3806730069,10438.852323323323,8617.27858958959,521.477,361.117
T37,11,0,135444.10270634913,14653.801870718782,6144.352905442933,478.26322115384613,391.7043269230769
T38,0,0,97731.65144587593,2891.095134134134,16678.259843843844,524.281,310.696
T38,1,0,102345.43515691151,2218.0270180180178,23075.23597197197,531.997,350.792
T38,2,0,242072.13120360428,6536.393493493494,43743.41748148148,523.37,323.956
T38,3,0,170969.09521350352,5869.448712712712,24299.12152152152,540.856,269.76
T38,4,0,140073.46392214595,5245.581181181181,18263.467098098095,521.88,304.963
T38,5,0,65782.90462556285,1982.701940940941,10652.591195195193,524.431,393.086
T38,6,0,55517.00955008341,839.564028028028,17998.8372012012,514.244,329.694
T38,7,0,309776.10794035165,11999.559283283283,39905.30768268268,504.326,353.375
T38,8,0,250024.46820659566,11238.425824824824,38894.8948948949,551.449,349.7
T38,9,0,308485.41137812287,15814.413257257258,29397.428944944942,563.034,331.978
T38,10,0,223084.35935243368,8004.184976667169,33197.94907421346,539.786301369863,481.0383561643836
T39,0,0,58747.52264515626,3343.702461461461,5040.173417417418,500.921,353.766
T39,1,0,141894.66830119115,6778.1726366366365,15376.509484484483,497.256,391.555
T39,2,0,29598.424428920902,1234.9292332332332,3659.3579339339344,521.264,374.868
T39,3,0,50511.36952122264,2258.6498488488487,5807.771995995997,539.099,353.576
T39,4,0,39362.89009400201,3613.8291801801806,3984.940876876877,539.657,365.508
T39,5,0,26291.297051696572,1573.4231791791792,2143.294830830831,510.662,374.092
T39,6,0,51484.7771139552,1709.9277637637633,8335.541541541541,509.642,396.3
T39,7,0,51649.228319362985,2886.9569319319316,5047.5729319319325,515.745,383.621
T39,8,0,85833.37697859135,7866.61503103103,6079.656415415415,490.672,399.921
T39,9,0,130633.98628016014,14738.70805905906,6569.033808808809,456.343,349.385
T39,10,0,127704.05956890217,9765.063187187186,8837.172688688688,500.374,356.522
T39,11,0,201019.63757872934,20627.680188572594,14025.457589255428,462.71094580233796,392.1689691817216
T40,0,1,208607.75155289218,10676.328103103106,21541.233024024026,586.565,402.203
T40,1,1,52670.52822898622,5992.176551551552,2258.961185185185,580.425,380.076
T40,2,1,202166.77318427234,28962.212576576574,13603.752831831831,544.194,418.089
T40,3,1,130177.35958247521,18233.742893893894,4543.865624624625,623.043,384.171
T40,4,1,97297.0627593173,18361.514945945946,2515.412363363363,618.663,367.007
T40,5,1,78421.57799694216,8533.573284284283,3744.689064064064,589.483,380.025
T40,6,1,16892.96165021575,825.689993993994,1915.72891991992,579.736,393.447
T40,7,1,26037.534073116352,989.6660660660659,3355.193097097097,570.14,395.936
T40,8,1,156911.17969960114,25419.27394494494,6695.3813803803805,577.677,406.749
T40,9,1,100391.55537475616,22415.74482882883,2342.7116226226226,549.054,392.283
T40,10,1,113426.6059528107,22404.092003003,3579.6570330330333,617.033,387.432
T40,11,1,94163.31596171591,11068.446979388771,3953.9312660300975,579.0571428571428,394.25962732919254
T41,0,0,460887.4186776657,33792.933884884886,44040.27685285284,589.007,470.132
T41,1,0,403806.2446869682,50316.74134534535,21525.832111111115,625.086,382.561
T41,2,0,98673.83770727838,8464.208639639639,30578.401185185186,522.837,447.096
T41,3,0,125682.4908959139,15015.264383383384,9135.04855955956,493.141,408.183
T41,4,0,180073.251731853,17846.420320320318,16332.446862862864,535.41,380.172
T41,5,0,240756.06469722264,27705.850225225226,24931.00598198198,536.375,454.468
T41,6,0,206466.86136824914,23093.25697597597,24303.420379379382,553.159,398.179
T41,7,0,308785.6611275405,31225.598714714713,20858.97665265265,567.622,438.982
T41,8,0,752809.9085437233,100025.80937337338,27635.404403403405,572.294,442.001
T41,9,0,851158.9521097657,108288.6720601284,75730.24622892633,527.8163265306123,445.93367346938777
T43,0,0,35570.56007347715,2759.8148988988987,2277.6055965965966,522.946,346.497
T43,1,0,92052.76795788028,9018.851362362362,5923.947483483484,507.317,364.408
T43,2,0,93846.49921018645,6178.134405405405,10064.27464964965,498.027,380.225
T43,3,0,71843.16558595446,3888.686357357357,6489.300675675676,523.823,355.925
T43,4,0,53779.38369994943,3388.2473833833837,4220.957593593594,508.192,363.058
T43,5,0,77407.00748275842,6348.68462062062,4691.909509509509,504.508,365.38
T43,6,0,79461.0759817579,3531.625864864865,8835.136912912914,499.069,366.332
T43,7,0,48594.58434891278,1647.7974614614614,7010.996107107107,495.656,386.167
T43,8,0,33455.03539106855,1099.6636386386388,4965.1590590590595,497.055,367.59
T43,9,0,53135.810045664526,1300.9045045045045,10702.807907907909,507.58,380.97
T43,10,0,124574.80149443493,9202.36502102102,8270.298009009008,476.312,396.517
T43,11,0,55738.23902246937,3300.4719101123596,4883.089511016258,480.0,366.7877094972067
T44,0,0,91253.36128965604,1973.9623613613614,23307.338209209207,544.301,386.623
T44,1,0,114016.6824329511,7309.9364324324315,11083.13076976977,541.252,361.231
T44,2,0,71739.94032187042,2516.549908908909,10643.874649649648,541.629,366.065
T44,3,0,149756.89642683906,9592.020484484485,13605.657208208211,540.256,372.893
T44,4,0,96878.31097904619,6017.42562962963,9109.843794794797,527.786,353.493
T44,5,0,75206.62828897801,3793.0882472472467,7929.281377377378,517.471,367.852
T44,6,0,43719.98381027921,1855.4317677677677,5108.827938938938,534.608,373.167
T44,7,0,128098.26529884074,6378.351407407407,13765.006285285286,542.712,399.939
T44,8,0,128030.06474872664,12236.322097097096,6813.882441441441,480.965,384.979
T44,9,0,134468.7533722322,11025.22354254254,8214.02912912913,541.709,381.37
T44,10,0,134516.52830698615,12441.469405405405,10531.217488488488,514.992,369.973
T44,11,0,194288.02100831788,20016.562584921292,9307.645644849488,435.6901408450704,408.62910798122067
T46,0,1,38601.58241719241,1755.5735695695694,4151.686661661663,511.502,358.355
T46,1,1,28294.026659758023,784.3510350350349,5001.765729729729,513.854,368.494
T46,2,1,61764.48556552469,4230.259778778779,4577.082598598598,515.059,364.522
T46,3,1,62415.654108824434,2929.7224334334337,7029.9354354354355,495.233,322.45
T46,4,1,52067.58269751702,3426.5660020020023,4304.8464774774775,486.258,335.213
T46,5,1,36902.63459167544,1398.8028028028027,4801.326750750751,489.2,352.024
T46,6,1,26454.368755790187,980.6016256256257,3481.500376376376,488.324,360.682
T46,7,1,97017.83419058246,6373.224383383383,7622.046282282284,467.279,370.042
T46,8,1,111746.36285181706,8660.95066966967,7858.748587587588,439.409,356.869
T46,9,1,56291.638089430184,3156.0311471471477,6360.492428428429,495.378,355.992
T46,10,1,56034.0191253113,5601.615814814816,3355.8106816816817,449.151,341.873
T47,0,0,272921.19274872734,5936.588204204205,61585.281281281284,519.628,522.5
T47,1,0,406665.62177319697,17886.60287387387,56502.454429429425,556.277,523.895
T47,2,0,202226.48845548983,16894.584184184187,11835.25652052052,535.38,403.144
T47,3,0,46401.12960174657,1459.004123123123,7400.052331331331,516.891,414.439
T47,4,0,189883.65153936588,7661.8403963963965,26515.140656656655,532.038,470.478
T47,5,0,145330.69698981414,13918.327703703704,14052.599574574577,541.568,447.595
T47,6,0,61053.00954711152,2594.2059299299303,18101.123187187182,527.674,454.456
T47,7,0,88727.2952114671,3379.683994994995,15562.00784684685,520.367,474.131
T47,8,0,309810.5193269126,16081.889864864865,30319.37269669669,530.345,532.974
T47,9,0,143832.01142573362,11815.183342342345,8763.726925925926,442.779,463.099
T47,10,0,300956.9477798346,15372.079979979982,28866.71346446446,535.39,475.557
T47,11,0,325026.57775052055,21825.56701311639,24257.262230339253,496.6687697160883,516.5257623554154
T48,0,0,97045.89565298404,9598.680431431432,4810.927323323324,514.943,309.902
T48,1,0,50821.91470544089,2827.248592592593,4534.607743743743,545.216,304.308
T48,2,0,44770.97813740033,2114.338097097097,4775.810606606607,535.829,322.698
T48,3,0,67274.3215882453,3321.356552552552,6699.319235235235,538.298,325.422
T48,4,0,80384.81021380618,3866.6407117117114,8598.22194094094,527.423,325.409
T48,5,0,51395.50264751052,3082.9533283283286,4201.627527527527,534.025,330.61
T48,6,0,43493.46402802915,3036.8195235235235,3125.8257257257255,551.036,352.69
T48,7,0,64714.3548778761,2748.4393503503507,8222.306702702703,524.717,359.402
T48,8,0,33290.054553688,3359.1915025025023,1714.2746496496497,533.367,320.375
T48,9,0,139102.76845733836,11552.388304304306,8322.915794794795,518.922,303.989
T48,10,0,130799.95667020539,4828.578142142142,17590.765116116112,522.706,310.093
T48,11,0,26732.674436408382,1610.9298626190525,2190.317582181326,549.7709844559586,345.60725388601037
T49,0,0,162662.99476767378,8566.843882882884,23481.894018018014,487.219,371.874
T49,1,0,42174.226058316315,1569.070845845846,5591.406277277277,529.035,335.127
T49,2,0,57054.38314036301,3773.1811561561562,4217.867938938938,533.305,324.673
T49,3,0,56947.75842489277,3351.7695445445443,5288.368407407408,527.565,354.281
T49,4,0,55277.26184383401,2586.5091881881885,5844.144183183184,509.639,330.031
T49,5,0,111962.60606141388,6565.11488988989,13444.253004004006,503.285,356.443
T49,6,0,30829.859848101107,1817.0984174174175,2656.1923913913915,511.041,340.151
T49,7,0,35561.89554969458,1726.8003913913915,3682.9855765765765,503.903,347.403
T49,8,0,71989.1951267157,5870.223307307308,4306.46373973974,491.554,359.418
T49,9,0,71196.62075010981,3773.235631631632,6678.758534534534,498.598,346.332
T49,10,0,217471.13324301897,12894.979443443444,28588.435546546545,483.744,395.583
T49,11,0,57671.45877209875,5038.092065392788,3542.09045904919,490.1080485115766,364.58654906284454
T50,0,0,143435.97115028818,11617.537437437439,11080.50679079079,542.59,379.346
T50,1,0,63227.596564274776,3019.319635635635,6469.516472472473,535.322,392.138
T50,2,0,58794.73478001109,3107.576015015015,5606.070786786787,535.831,403.778
T50,3,0,54183.09049650188,2600.389665665666,5574.654478478478,534.582,393.224
T50,4,0,47828.78588588246,2299.818874874875,4950.285036036036,523.788,395.693
T50,5,0,41997.52140822176,2394.9480590590592,3644.363738738739,534.833,411.325
T50,6,0,118280.3824330498,8026.716200200201,10129.610710710713,547.254,418.63
T50,7,0,134627.9903984866,7696.516752752754,16628.92984884885,540.958,457.009
T50,8,0,136665.30783624377,13130.141741741743,7295.779779779779,493.88,436.9
T50,9,0,103556.00174728964,5186.810710710711,10095.711727727727,525.81,426.228
T50,10,0,101038.9391191373,6067.289673673673,8238.807191191192,541.796,422.704
T50,11,0,163755.72711314302,17386.42743658051,7555.659490724074,506.0216718266254,388.45820433436535
T51,0,0,82151.2480318443,2349.5755745745746,14263.078274274272,536.499,366.798
T51,1,0,45173.6049724254,2386.6655445445444,4324.204203203203,529.011,354.251
T51,2,0,35956.655426527424,3355.214314314314,1879.5118758758758,539.83,358.306
T51,3,0,29598.629728741827,1679.287703703704,2576.9866626626626,545.672,400.018
T51,4,0,50144.05350663771,3429.7680240240243,3959.1455455455452,537.412,351.54
T51,5,0,40507.747114850026,2005.826162162162,4253.51211111111,520.392,374.049
T51,6,0,29979.013263581866,1842.8333893893894,2655.8102062062057,512.038,370.402
T51,7,0,30205.218040876694,2379.4015205205205,1928.939083083083,524.641,352.816
T51,8,0,75156.8188645133,6058.469244244245,4578.308708708709,504.865,401.64
T51,9,0,120576.45668942081,9540.3059019019,7470.800959959961,491.898,421.779
T51,10,0,67596.88113917394,3780.257528528529,6124.910666666668,536.223,379.662
T51,11,0,189416.41318276653,14774.870946946949,14109.847783783784,529.118,426.492
T51,12,0,110798.71900247002,10987.490584415582,5608.565909090909,501.48214285714283,389.375
T54,0,0,114349.92401979254,5814.155191191191,11183.018793793792,611.158,338.115
T54,1,0,62249.883201477634,1984.2000840840842,10790.91871771772,586.546,354.351
T54,2,0,47743.11666662756,1648.860835835836,7745.541332332333,575.705,392.203
T54,3,0,47861.084296721085,1910.6744494494494,6549.652603603603,563.835,380.257
T54,4,0,80179.36832519242,5157.569069069069,6481.506697697698,577.25,374.303
T54,5,0,100458.86354858447,5980.449224224225,8250.985696696698,599.935,373.983
T54,6,0,155085.591449156,11981.895054054055,11254.236467467466,573.471,389.863
T54,7,0,148985.79387201503,9171.214730730731,13700.103078078078,539.022,462.955
T54,8,0,155029.54684606096,11897.125921921923,9986.091866866866,546.698,377.565
T54,9,0,74443.36115661556,4366.161217217217,6572.343939939939,566.788,349.102
T54,10,0,88885.48872927579,5211.979539965741,7406.640504080091,526.8051546391753,369.3721649484536
T55,0,0,84537.60994425336,1492.181132132132,35420.94484484485,541.257,399.89
T55,1,0,54573.670990468934,702.3734094094095,20763.470794794797,539.658,382.526
T55,2,0,94463.27157097061,2060.6230620620618,23029.126901901906,533.081,405.235
T55,3,0,55486.20631826703,1136.2075825825825,13237.871646646647,541.675,354.515
T55,4,0,53758.166207964234,896.9977487487487,15791.397028028028,550.443,332.787
T55,5,0,59416.99148559681,1675.46592992993,10278.93997897898,555.744,353.781
T55,6,0,59581.28300600817,1006.0805995995997,17222.432631631633,546.441,382.599
T55,7,0,130446.1361402045,2531.6788748748754,33825.53186786787,536.798,468.608
T55,8,0,276312.2342399983,12013.84974974975,31638.754913913916,561.59,433.779
T55,9,0,96367.48145685185,3008.5309309309305,15667.048148148146,556.06,401.73
T55,10,0,204581.47266202717,8718.992092092092,23455.921345345345,556.73,459.524
T55,11,0,30624.896350658466,418.32144640895007,10947.129757267006,562.5352112676056,581.9295774647887
T56,0,0,36263.8033886078,1328.4829939939941,4830.199463463464,536.067,365.644
T56,1,0,63050.53048798787,3143.240239239239,6747.458537537537,563.001,360.161
T56,2,0,66914.99800073216,2846.6204994995,7935.944735735735,567.761,388.953
T56,3,0,67083.71171253483,3421.490465465466,6540.502002002002,566.805,373.25
T56,4,0,14368.776855419404,356.24301801801806,2833.240471471471,514.615,434.613
T56,5,0,36350.912111221194,1533.1758068068068,4243.704079079079,503.713,440.225
T56,6,0,35201.011031987386,1685.9079069069066,3786.3553543543553,507.749,406.249
T56,7,0,57202.00324568996,3300.0985375375376,5882.4903903903905,528.169,437.31
T56,8,0,55639.94767132783,2616.4384134134134,6697.44645045045,484.455,499.114
T56,9,0,3742.6950164286773,183.90175775775776,376.4195555555555,464.012,468.808
T56,10,0,61869.06247102076,6344.025525525525,5349.169920920921,513.35,398.557
T56,11,0,147814.86424621879,11696.001352867968,10133.890212125252,526.6419316843345,383.0694935217903
T57,0,0,97080.18382304048,6056.46596996997,8136.584975975976,539.636,380.353
T57,1,0,51891.45109370985,2727.83587987988,5072.468068068068,552.134,374.78
T57,2,0,59721.03440327335,3561.262046046046,4912.751910910911,541.904,393.279
T57,3,0,75489.2745154963,3447.0385095095094,8246.046462462462,538.477,398.172
T57,4,0,61978.530697312155,2317.5449199199197,8385.016391391391,517.325,410.925
T57,5,0,34156.54581015833,2131.2565805805802,2671.2278318318317,534.026,373.086
T57,6,0,99488.13744172755,7771.77354854855,6223.993392392393,499.315,403.801
T57,7,0,10606.097836804209,287.41291291291293,2039.6733523523524,513.95,468.389
T57,8,0,8470.84370666285,174.95291691691693,2061.1224014014015,523.494,442.061
T57,9,0,9972.90691800322,222.61836936936936,2222.7043833833827,519.943,455.389
T57,10,0,155813.3260938002,9001.066870870873,17990.98465565566,502.986,439.927
T57,11,0,126062.51832875548,6848.473346407559,11919.036588023217,497.7848101265823,481.45007032348803
T58,0,0,253993.20895505836,6119.679598598598,55096.87993593593,546.509,405.788
T58,1,0,67235.9625143761,2641.1511261261257,8609.5000990991,576.455,378.951
T58,2,0,179084.18222323686,11993.752527527527,14051.783374374374,576.385,406.903
T58,3,0,61965.69508498333,2217.861845845846,8456.916307307307,523.004,381.853
T58,4,0,45073.23664169132,2030.8900810810812,4917.2833473473465,549.303,349.956
T58,5,0,90809.35179865263,4655.8944934934925,8638.92763863864,525.201,378.233
T58,6,0,74617.95965366192,5203.3750940940945,7028.884683683685,527.591,371.601
T58,7,0,92457.71427036716,9747.352168168169,4408.527627627627,540.428,389.83
T58,8,0,223804.53888364395,19469.509284284286,12548.789700700703,541.835,414.717
T58,9,0,282364.3800932422,23180.97718118118,18507.923267267266,513.714,438.716
T58,10,0,229138.73977605338,11117.124848848849,23390.760735735737,548.326,371.705
T58,11,0,310517.61831537925,19121.861480347594,24620.54144733759,517.8677309007982,437.17445838084376
T59,0,0,74559.26112499216,7267.959038038038,7555.51127027027,540.089,366.829
T59,1,0,21591.14107439952,1192.0781741741741,1932.89486986987,530.648,371.905
T59,2,0,42285.259413122774,2941.984400400401,3209.066977977978,541.172,381.967
T59,3,0,67408.99028182667,3716.2959669669667,6122.568967967968,544.177,349.699
T59,4,0,46699.7461673045,3296.1817407407407,3684.560460460461,515.479,363.49
T59,5,0,47747.543382647294,2577.4282192192195,4450.736615615616,518.703,369.511
T59,6,0,29813.149484956844,1720.053972972973,2751.102213213213,508.491,368.417
T59,7,0,75180.55459041074,4613.427027027026,6118.3002752752745,541.22,392.495
T59,8,0,183066.1288884387,17725.25698098098,9325.442546546547,491.326,401.336
T59,9,0,178744.30775388292,15919.716667667666,11245.898873873875,490.007,408.595
T59,10,0,122760.83993542702,12207.376351351351,6180.109373373374,542.995,350.356
T59,11,0,193128.21212694093,22541.801684132617,8095.739314833525,530.0325342465753,390.4417808219178
T60,0,0,61869.59065927988,2210.8896256256257,8596.81081081081,531.708,328.3
T60,1,0,40818.84638513297,1741.4810810810811,4739.49973073073,512.02,366.113
T60,2,0,41450.3832036541,2367.5582772772773,3584.606885885886,523.909,363.561
T60,3,0,58005.71457878331,3139.781617617618,5335.1623213213215,535.642,376.529
T60,4,0,81702.66532532265,4166.5840680680685,7847.553928928929,499.246,369.775
T60,5,0,64725.939246427944,5575.147546546546,3669.9778488488487,493.301,383.877
T60,6,0,97641.14392307034,4751.9108218218225,10370.526877877877,493.533,418.843
T60,7,0,90458.36347249494,5025.0367557557565,8509.935835835837,533.591,383.79
T60,8,0,101260.18877254745,9336.069013013013,5356.930030030029,496.416,419.77
T60,9,0,167008.64248398374,14496.077177177178,10129.112728728729,474.77,435.628
T60,10,0,136678.71045999925,9908.9972012012,9287.10182082082,486.786,394.341
T60,11,0,118645.01163926226,9223.320388157095,7597.839901300877,478.80756395995553,426.82424916573973
T61,0,0,170609.8897914514,2972.5643393393398,50381.18709109109,496.035,472.564
T61,1,0,74297.23589317183,3747.4878628628626,8467.460139139139,506.225,408.889
T61,2,0,47782.798519605865,1457.6620530530533,8161.321120120121,510.353,396.399
T61,3,0,25604.968363444543,557.2586576576576,6009.485364364363,508.199,391.239
T61,4,0,47265.67956841801,1889.4163273273277,6283.71340940941,504.533,396.952
T61,5,0,38175.89563863585,828.4077517517518,8864.961725725727,495.784,404.106
T61,6,0,63759.561341179804,2455.9907017017017,10846.767691691693,489.233,409.774
T61,7,0,66652.79953111257,2146.047278278278,12434.501265265266,485.637,434.894
T61,8,0,149626.2663923363,12034.928912912914,9084.206365365366,476.496,423.971
T61,9,0,102450.8051892367,5172.635834834835,12014.518642642643,525.349,398.874
T61,10,0,97907.22989675653,3970.0368491127338,12169.527007010754,501.1885830784913,434.5698267074414
