Paciente,Grupo,Trans_Olhos_Olhos_Raiva,Trans_Olhos_Nariz_Raiva,Trans_Olhos_Boca_Raiva,Trans_Olhos_Fora_Raiva,Trans_Nariz_Olhos_Raiva,Trans_Nariz_Nariz_Raiva,Trans_Nariz_Boca_Raiva,Trans_Nariz_Fora_Raiva,Trans_Boca_Olhos_Raiva,Trans_Boca_Nariz_Raiva,Trans_Boca_Boca_Raiva,Trans_Boca_Fora_Raiva,Trans_Fora_Olhos_Raiva,Trans_Fora_Nariz_Raiva,Trans_Fora_Boca_Raiva,Trans_Fora_Fora_Raiva,Trans_Olhos_Olhos_Feliz,Trans_Olhos_Nariz_Feliz,Trans_Olhos_Boca_Feliz,Trans_Olhos_Fora_Feliz,Trans_Nariz_Olhos_Feliz,Trans_Nariz_Nariz_Feliz,Trans_Nariz_Boca_Feliz,Trans_Nariz_Fora_Feliz,Trans_Boca_Olhos_Feliz,Trans_Boca_Nariz_Feliz,Trans_Boca_Boca_Feliz,Trans_Boca_Fora_Feliz,Trans_Fora_Olhos_Feliz,Trans_Fora_Nariz_Feliz,Trans_Fora_Boca_Feliz,Trans_Fora_Fora_Feliz,Trans_Olhos_Olhos_Neutro,Trans_Olhos_Nariz_Neutro,Trans_Olhos_Boca_Neutro,Trans_Olhos_Fora_Neutro,Trans_Nariz_Olhos_Neutro,Trans_Nariz_Nariz_Neutro,Trans_Nariz_Boca_Neutro,Trans_Nariz_Fora_Neutro,Trans_Boca_Olhos_Neutro,Trans_Boca_Nariz_Neutro,Trans_Boca_Boca_Neutro,Trans_Boca_Fora_Neutro,Trans_Fora_Olhos_Neutro,Trans_Fora_Nariz_Neutro,Trans_Fora_Boca_Neutro,Trans_Fora_Fora_Neutro,Delta_Raiva_Neutro_Olhos_Olhos,Delta_Raiva_Feliz_Olhos_Olhos,Delta_Raiva_Neutro_Olhos_Nariz,Delta_Raiva_Feliz_Olhos_Nariz,Delta_Raiva_Neutro_Olhos_Boca,Delta_Raiva_Feliz_Olhos_Boca,Delta_Raiva_Neutro_Olhos_Fora,Delta_Raiva_Feliz_Olhos_Fora,Delta_Raiva_Neutro_Nariz_Olhos,Delta_Raiva_Feliz_Nariz_Olhos,Delta_Raiva_Neutro_Nariz_Nariz,Delta_Raiva_Feliz_Nariz_Nariz,Delta_Raiva_Neutro_Nariz_Boca,Delta_Raiva_Feliz_Nariz_Boca,Delta_Raiva_Neutro_Nariz_Fora,Delta_Raiva_Feliz_Nariz_Fora,Delta_Raiva_Neutro_Boca_Olhos,Delta_Raiva_Feliz_Boca_Olhos,Delta_Raiva_Neutro_Boca_Nariz,Delta_Raiva_Feliz_Boca_Nariz,Delta_Raiva_Neutro_Boca_Boca,Delta_Raiva_Feliz_Boca_Boca,Delta_Raiva_Neutro_Boca_Fora,Delta_Raiva_Feliz_Boca_Fora,Delta_Raiva_Neutro_Fora_Olhos,Delta_Raiva_Feliz_Fora_Olhos,Delta_Raiva_Neutro_Fora_Nariz,Delta_Raiva_Feliz_Fora_Nariz,Delta_Raiva_Neutro_Fora_Boca,Delta_Raiva_Feliz_Fora_Boca,Delta_Raiva_Neutro_Fora_Fora,Delta_Raiva_Feliz_Fora_Fora
T28 TEA GRAVE,TEA,0.0,10.16949152542373,10.16949152542373,79.66101694915254,25.0,0.0,3.125,71.875,20.0,16.0,0.0,64.0,54.11764705882353,25.882352941176475,20.0,0.0,0.0,25.0,2.7777777777777777,72.22222222222221,11.11111111111111,0.0,4.444444444444445,84.44444444444444,0.0,16.666666666666664,0.0,83.33333333333334,41.891891891891895,45.94594594594595,12.162162162162163,0.0,0.0,8.333333333333332,0.0,91.66666666666666,16.666666666666664,0.0,36.666666666666664,46.666666666666664,4.081632653061225,22.448979591836736,0.0,73.46938775510205,34.146341463414636,19.51219512195122,46.34146341463415,0.0,0.0,0.0,1.836158192090398,-14.83050847457627,10.16949152542373,7.3917137476459525,-12.005649717514117,7.438794726930325,8.333333333333336,13.88888888888889,0.0,0.0,-33.541666666666664,-1.3194444444444446,25.208333333333336,-12.569444444444443,15.918367346938776,20.0,-6.448979591836736,-0.6666666666666643,0.0,0.0,-9.469387755102048,-19.333333333333343,19.971305595408893,12.225755166931634,6.3701578192252555,-20.063593004769476,-26.34146341463415,7.837837837837837,0.0,0.0
T26 TEA GRAVE,TEA,0.0,1.4084507042253522,0.0,98.59154929577466,25.0,0.0,0.0,75.0,0.0,0.0,0.0,0.0,95.8904109589041,4.10958904109589,0.0,0.0,0.0,2.857142857142857,0.0,97.14285714285714,0.0,0.0,0.0,100.0,0.0,0.0,0.0,100.0,97.22222222222221,0.0,2.7777777777777777,0.0,0.0,0.0,0.0,100.0,0.0,0.0,0.0,100.0,0.0,0.0,0.0,100.0,92.42424242424242,1.5151515151515151,6.0606060606060606,0.0,0.0,0.0,1.4084507042253522,-1.448692152917505,0.0,0.0,-1.408450704225345,1.4486921529175163,25.0,25.0,0.0,0.0,0.0,0.0,-25.0,-25.0,0.0,0.0,0.0,0.0,0.0,0.0,-100.0,-100.0,3.4661685346616764,-1.3318112633181158,2.594437525944375,4.10958904109589,-6.0606060606060606,-2.7777777777777777,0.0,0.0
T41 CONTROLE,CONTROLE,0.0,3.9215686274509802,0.0,96.07843137254902,14.285714285714285,0.0,28.57142857142857,57.14285714285714,0.0,0.0,0.0,100.0,95.28301886792453,2.8301886792452833,1.8867924528301887,0.0,0.0,3.389830508474576,1.694915254237288,94.91525423728814,50.0,0.0,0.0,50.0,12.5,12.5,0.0,75.0,87.6923076923077,1.5384615384615385,10.76923076923077,0.0,0.0,1.4084507042253522,1.4084507042253522,97.1830985915493,28.57142857142857,0.0,28.57142857142857,42.857142857142854,0.0,22.22222222222222,0.0,77.77777777777779,87.34177215189874,5.063291139240507,7.59493670886076,0.0,0.0,0.0,2.5131179232256278,0.5317381189764041,-1.4084507042253522,-1.694915254237288,-1.1046672190002766,1.1631771352608808,-14.285714285714285,-35.714285714285715,0.0,0.0,0.0,28.57142857142857,14.285714285714285,7.142857142857139,0.0,-12.5,-22.22222222222222,-12.5,0.0,0.0,22.222222222222214,25.0,7.941246716025788,7.590711175616832,-2.2331024599952234,1.2917271407837447,-5.708144256030572,-8.882438316400581,0.0,0.0
T30 TEA GRAVE,TEA,0.0,10.666666666666668,5.333333333333334,84.0,62.06896551724138,0.0,10.344827586206897,27.586206896551722,7.142857142857142,21.428571428571427,0.0,71.42857142857143,60.43956043956044,16.483516483516482,23.076923076923077,0.0,0.0,2.631578947368421,3.9473684210526314,93.42105263157895,43.75,0.0,0.0,56.25,0.0,40.0,0.0,60.0,79.3103448275862,12.643678160919542,8.045977011494253,0.0,0.0,6.024096385542169,1.2048192771084338,92.7710843373494,38.88888888888889,0.0,5.555555555555555,55.55555555555556,0.0,9.090909090909092,0.0,90.9090909090909,71.02803738317756,10.2803738317757,18.69158878504673,0.0,0.0,0.0,4.642570281124499,8.035087719298247,4.1285140562249,1.3859649122807025,-8.771084337349393,-9.421052631578945,23.180076628352488,18.31896551724138,0.0,0.0,4.789272030651341,10.344827586206897,-27.969348659003835,-28.663793103448278,7.142857142857142,7.142857142857142,12.337662337662335,-18.571428571428573,0.0,0.0,-19.480519480519476,11.42857142857143,-10.588476943617124,-18.87078438802577,6.203142651740782,3.8398383225969397,4.385334291876347,15.030946065428823,0.0,0.0
T54 CONTROLE,CONTROLE,0.0,1.5384615384615385,0.0,98.46153846153847,58.333333333333336,0.0,0.0,41.66666666666667,20.0,40.0,0.0,40.0,80.28169014084507,12.676056338028168,7.042253521126761,0.0,0.0,2.0,0.0,98.0,77.77777777777779,0.0,0.0,22.22222222222222,0.0,37.5,0.0,62.5,76.78571428571429,8.928571428571429,14.285714285714285,0.0,0.0,1.3333333333333335,4.0,94.66666666666667,40.0,0.0,0.0,60.0,0.0,28.57142857142857,0.0,71.42857142857143,85.54216867469879,8.433734939759036,6.024096385542169,0.0,0.0,0.0,0.20512820512820507,-0.46153846153846145,-4.0,0.0,3.7948717948717956,0.461538461538467,18.333333333333336,-19.44444444444445,0.0,0.0,0.0,0.0,-18.33333333333333,19.44444444444445,20.0,20.0,11.42857142857143,2.5,0.0,0.0,-31.42857142857143,-22.5,-5.260478533853714,3.49597585513078,4.242321398269132,3.7474849094567393,1.018157135584592,-7.243460764587524,0.0,0.0
T56 CONTROLE,CONTROLE,0.0,0.0,2.6548672566371683,97.34513274336283,0.0,0.0,20.0,80.0,16.666666666666664,33.33333333333333,0.0,50.0,95.72649572649573,2.564102564102564,1.7094017094017095,0.0,0.0,1.5037593984962405,0.0,98.49624060150376,75.0,0.0,0.0,25.0,0.0,0.0,0.0,100.0,97.76119402985076,1.4925373134328357,0.7462686567164178,0.0,0.0,3.3333333333333335,0.0,96.66666666666667,80.0,0.0,0.0,20.0,0.0,0.0,0.0,100.0,98.31932773109243,0.8403361344537815,0.8403361344537815,0.0,0.0,0.0,-3.3333333333333335,-1.5037593984962405,2.6548672566371683,2.6548672566371683,0.6784660766961537,-1.1511078581409322,-80.0,-75.0,0.0,0.0,20.0,20.0,60.0,55.0,16.666666666666664,16.666666666666664,33.33333333333333,33.33333333333333,0.0,0.0,-50.0,-50.0,-2.5928320045967013,-2.0346983033550288,1.7237664296487822,1.0715652506697282,0.869065574947928,0.9631330526852917,0.0,0.0
T55 CONTROLE,CONTROLE,0.0,4.444444444444445,4.444444444444445,91.11111111111111,22.727272727272727,0.0,4.545454545454546,72.72727272727273,9.090909090909092,13.636363636363635,0.0,77.27272727272727,72.17391304347827,13.043478260869565,14.782608695652174,0.0,0.0,2.0408163265306123,6.122448979591836,91.83673469387756,25.0,0.0,6.25,68.75,29.03225806451613,9.67741935483871,0.0,61.29032258064516,71.07438016528926,9.090909090909092,19.834710743801654,0.0,0.0,2.4,7.199999999999999,90.4,35.294117647058826,0.0,5.88235294117647,58.82352941176471,25.0,2.7777777777777777,0.0,72.22222222222221,73.8255033557047,8.724832214765101,17.449664429530202,0.0,0.0,0.0,2.0444444444444447,2.4036281179138324,-2.7555555555555546,-1.6780045351473918,0.7111111111111086,-0.7256235827664455,-12.5668449197861,-2.2727272727272734,0.0,0.0,-1.3368983957219243,-1.7045454545454541,13.903743315508024,3.9772727272727337,-15.909090909090908,-19.94134897360704,10.858585858585858,3.958944281524925,0.0,0.0,5.050505050505052,15.982404692082106,-1.651590312226432,1.0995328781890095,4.318646046104464,3.952569169960473,-2.667055733878028,-5.0521020481494805,0.0,0.0
T15 TEA MODERADO,TEA,0.0,0.0,0.0,100.0,0.0,0.0,0.0,0.0,0.0,0.0,0.0,0.0,100.0,0.0,0.0,0.0,0.0,5.263157894736842,0.0,94.73684210526315,0.0,0.0,0.0,100.0,0.0,0.0,0.0,0.0,95.0,5.0,0.0,0.0,0.0,0.0,0.0,100.0,0.0,0.0,25.0,75.0,100.0,0.0,0.0,0.0,85.18518518518519,14.814814814814813,0.0,0.0,0.0,0.0,0.0,-5.263157894736842,0.0,0.0,0.0,5.26315789473685,0.0,0.0,0.0,0.0,-25.0,0.0,-75.0,-100.0,-100.0,0.0,0.0,0.0,0.0,0.0,0.0,0.0,14.81481481481481,5.0,-14.814814814814813,-5.0,0.0,0.0,0.0,0.0
T27 TEA LEVE,TEA,0.0,0.0,0.8695652173913043,99.1304347826087,0.0,0.0,0.0,0.0,0.0,0.0,0.0,100.0,99.13793103448276,0.0,0.8620689655172413,0.0,0.0,1.6260162601626018,0.0,98.3739837398374,50.0,0.0,25.0,25.0,0.0,0.0,0.0,100.0,96.03174603174604,1.5873015873015872,2.380952380952381,0.0,0.0,0.9259259259259258,0.0,99.07407407407408,50.0,0.0,0.0,50.0,0.0,0.0,0.0,100.0,98.1651376146789,0.9174311926605505,0.9174311926605505,0.0,0.0,0.0,-0.9259259259259258,-1.6260162601626018,0.8695652173913043,0.8695652173913043,0.05636070853462627,0.7564510427713032,-50.0,-50.0,0.0,0.0,0.0,-25.0,-50.0,-25.0,0.0,0.0,0.0,0.0,0.0,0.0,0.0,0.0,0.9727934198038639,3.106185002736723,-0.9174311926605505,-1.5873015873015872,-0.055362227143309184,-1.5188834154351396,0.0,0.0
T57 CONTROLE,CONTROLE,0.0,0.0,1.36986301369863,98.63013698630137,0.0,0.0,0.0,0.0,0.0,0.0,0.0,100.0,99.32432432432432,0.0,0.6756756756756757,0.0,0.0,0.0,0.0,100.0,0.0,0.0,0.0,100.0,0.0,0.0,0.0,100.0,98.21428571428571,0.8928571428571428,0.8928571428571428,0.0,0.0,0.8620689655172413,0.0,99.13793103448276,0.0,0.0,100.0,0.0,0.0,0.0,0.0,100.0,98.31932773109243,0.0,1.680672268907563,0.0,0.0,0.0,-0.8620689655172413,0.0,1.36986301369863,1.36986301369863,-0.5077940481813954,-1.3698630136986338,0.0,0.0,0.0,0.0,-100.0,0.0,0.0,-100.0,0.0,0.0,0.0,0.0,0.0,0.0,0.0,0.0,1.004996593231894,1.1100386100386146,0.0,-0.8928571428571428,-1.0049965932318874,-0.21718146718146714,0.0,0.0
T40 TEA GRAVE,TEA,0.0,2.0,2.0,96.0,75.0,0.0,0.0,25.0,0.0,100.0,0.0,0.0,95.83333333333334,2.083333333333333,2.083333333333333,0.0,0.0,4.49438202247191,2.247191011235955,93.25842696629213,100.0,0.0,0.0,0.0,50.0,0.0,0.0,50.0,100.0,0.0,0.0,0.0,0.0,1.1764705882352942,0.0,98.82352941176471,66.66666666666666,0.0,0.0,33.33333333333333,0.0,0.0,0.0,100.0,96.55172413793103,2.2988505747126435,1.1494252873563218,0.0,0.0,0.0,0.8235294117647058,-2.4943820224719104,2.0,-0.24719101123595522,-2.82352941176471,2.7415730337078656,8.333333333333343,-25.0,0.0,0.0,0.0,0.0,-8.333333333333329,25.0,0.0,-50.0,100.0,100.0,0.0,0.0,-100.0,-50.0,-0.7183908045976892,-4.166666666666657,-0.2155172413793105,2.083333333333333,0.9339080459770113,2.083333333333333,0.0,0.0
T16 TEA LEVE,TEA,0.0,0.9708737864077669,0.0,99.02912621359224,40.0,0.0,20.0,40.0,7.142857142857142,21.428571428571427,0.0,71.42857142857143,87.61061946902655,0.8849557522123894,11.504424778761061,0.0,0.0,3.8461538461538463,0.0,96.15384615384616,57.14285714285714,0.0,28.57142857142857,14.285714285714285,0.0,22.22222222222222,0.0,77.77777777777779,92.66055045871559,0.9174311926605505,6.422018348623854,0.0,0.0,0.0,0.0,100.0,33.33333333333333,0.0,33.33333333333333,33.33333333333333,20.0,20.0,0.0,60.0,93.87755102040816,2.0408163265306123,4.081632653061225,0.0,0.0,0.0,0.9708737864077669,-2.8752800597460793,0.0,0.0,-0.9708737864077648,2.875280059746075,6.666666666666671,-17.14285714285714,0.0,0.0,-13.333333333333329,-8.57142857142857,6.666666666666671,25.714285714285715,-12.857142857142858,7.142857142857142,1.428571428571427,-0.7936507936507944,0.0,0.0,11.42857142857143,-6.349206349206355,-6.266931551381617,-5.049930989689045,-1.1558605743182229,-0.032475440448161086,7.422792125699837,5.082406430137207,0.0,0.0
T20 TEA MODERADO,TEA,0.0,3.79746835443038,1.2658227848101267,94.9367088607595,50.0,0.0,12.5,37.5,20.0,0.0,0.0,80.0,90.2439024390244,6.097560975609756,3.6585365853658534,0.0,0.0,3.1578947368421053,3.1578947368421053,93.6842105263158,37.5,0.0,0.0,62.5,12.5,37.5,0.0,50.0,92.85714285714286,2.0408163265306123,5.1020408163265305,0.0,0.0,4.395604395604396,4.395604395604396,91.20879120879121,57.14285714285714,0.0,35.714285714285715,7.142857142857142,0.0,43.75,0.0,56.25,89.13043478260869,3.260869565217391,7.608695652173914,0.0,0.0,0.0,-0.598136041174016,0.6395736175882747,-3.1297816107942693,-1.8920719520319786,3.7279176519682835,1.2524983344437004,-7.142857142857139,12.5,0.0,0.0,-23.214285714285715,12.5,30.357142857142858,-25.0,20.0,7.5,-43.75,-37.5,0.0,0.0,23.75,30.0,1.1134676564157076,-2.6132404181184654,2.836691410392365,4.056744649079144,-3.9501590668080606,-1.4435042309606771,0.0,0.0
T18 TEA MODERADO,TEA,0.0,0.7518796992481203,0.0,99.24812030075188,0.0,0.0,0.0,100.0,0.0,0.0,0.0,100.0,99.25373134328358,0.0,0.7462686567164178,0.0,0.0,2.5423728813559325,0.0,97.45762711864407,100.0,0.0,0.0,0.0,0.0,0.0,0.0,0.0,100.0,0.0,0.0,0.0,0.0,0.7407407407407408,0.0,99.25925925925925,33.33333333333333,0.0,0.0,66.66666666666666,0.0,33.33333333333333,0.0,66.66666666666666,97.08029197080292,0.7299270072992701,2.18978102189781,0.0,0.0,0.0,0.011138958507379448,-1.7904931821078123,0.0,0.0,-0.011138958507373786,1.7904931821078094,-33.33333333333333,-100.0,0.0,0.0,0.0,0.0,33.33333333333334,100.0,0.0,0.0,-33.33333333333333,0.0,0.0,0.0,33.33333333333334,100.0,2.173439372480658,-0.7462686567164241,-0.7299270072992701,0.0,-1.4435123651813924,0.7462686567164178,0.0,0.0
T43 CONTROLE,CONTROLE,0.0,0.0,0.0,100.0,100.0,0.0,0.0,0.0,0.0,0.0,0.0,100.0,94.23076923076923,1.9230769230769231,3.8461538461538463,0.0,0.0,0.0,0.0,100.0,0.0,0.0,0.0,0.0,66.66666666666666,0.0,0.0,33.33333333333333,90.9090909090909,0.0,9.090909090909092,0.0,0.0,0.0,0.0,100.0,0.0,0.0,0.0,100.0,0.0,0.0,0.0,100.0,76.0,8.0,16.0,0.0,0.0,0.0,0.0,0.0,0.0,0.0,0.0,0.0,100.0,100.0,0.0,0.0,0.0,0.0,-100.0,0.0,0.0,-66.66666666666666,0.0,0.0,0.0,0.0,0.0,66.66666666666667,18.230769230769226,3.32167832167832,-6.076923076923077,1.9230769230769231,-12.153846153846153,-5.244755244755245,0.0,0.0
T58 CONTROLE,CONTROLE,0.0,2.5,0.625,96.875,33.33333333333333,0.0,11.11111111111111,55.55555555555556,0.0,42.857142857142854,0.0,57.14285714285714,95.75757575757575,1.2121212121212122,3.0303030303030303,0.0,0.0,4.0,0.6666666666666667,95.33333333333334,84.61538461538461,0.0,7.6923076923076925,7.6923076923076925,14.285714285714285,42.857142857142854,0.0,42.857142857142854,93.87755102040816,2.7210884353741496,3.4013605442176873,0.0,0.0,4.375,0.625,95.0,81.81818181818183,0.0,0.0,18.181818181818183,20.0,20.0,0.0,60.0,95.54140127388536,1.910828025477707,2.547770700636943,0.0,0.0,0.0,-1.875,-1.5,0.0,-0.04166666666666674,1.875,1.5416666666666572,-48.4848484848485,-51.282051282051285,0.0,0.0,11.11111111111111,3.418803418803418,37.37373737373737,47.863247863247864,-20.0,-14.285714285714285,22.857142857142854,0.0,0.0,0.0,-2.857142857142861,14.285714285714285,0.21617448369039494,1.880024737167588,-0.6987068133564949,-1.5089672232529374,0.4825323296660873,-0.371057513914657,0.0,0.0
T61 CONTROLE,CONTROLE,0.0,0.0,1.0638297872340425,98.93617021276596,0.0,0.0,0.0,0.0,33.33333333333333,0.0,0.0,66.66666666666666,97.91666666666666,0.0,2.083333333333333,0.0,0.0,1.9801980198019802,0.9900990099009901,97.02970297029702,100.0,0.0,0.0,0.0,0.0,0.0,0.0,100.0,97.02970297029702,1.9801980198019802,0.9900990099009901,0.0,0.0,0.0,1.7241379310344827,98.27586206896551,100.0,0.0,0.0,0.0,12.5,0.0,0.0,87.5,93.38842975206612,1.6528925619834711,4.958677685950414,0.0,0.0,0.0,0.0,-1.9801980198019802,-0.6603081438004401,0.07373077733305244,0.6603081438004494,1.9064672424689348,-100.0,-100.0,0.0,0.0,0.0,0.0,0.0,0.0,20.83333333333333,33.33333333333333,0.0,0.0,0.0,0.0,-20.833333333333343,-33.33333333333334,4.528236914600541,0.8869636963696337,-1.6528925619834711,-1.9801980198019802,-2.8753443526170805,1.093234323432343,0.0,0.0
T32 TEA LEVE,TEA,0.0,2.0408163265306123,4.081632653061225,93.87755102040816,20.0,0.0,30.0,50.0,0.0,40.0,0.0,60.0,82.45614035087719,8.771929824561402,8.771929824561402,0.0,0.0,9.75609756097561,0.0,90.2439024390244,18.181818181818183,0.0,36.36363636363637,45.45454545454545,0.0,16.666666666666664,0.0,83.33333333333334,83.33333333333334,12.5,4.166666666666666,0.0,0.0,2.631578947368421,2.631578947368421,94.73684210526315,25.0,0.0,25.0,50.0,12.5,25.0,0.0,62.5,83.72093023255815,2.3255813953488373,13.953488372093023,0.0,0.0,0.0,-0.5907626208378085,-7.715281234444998,1.4500537056928038,4.081632653061225,-0.8592910848549877,3.633648581383767,-5.0,1.8181818181818166,0.0,0.0,5.0,-6.363636363636367,0.0,4.545454545454547,-12.5,0.0,15.0,23.333333333333336,0.0,0.0,-2.5,-23.333333333333343,-1.2647898816809544,-0.8771929824561511,6.446348429212565,-3.7280701754385976,-5.181558547531621,4.605263157894736,0.0,0.0
T37 CONTROLE,CONTROLE,0.0,0.0,2.1739130434782608,97.82608695652173,100.0,0.0,0.0,0.0,0.0,50.0,0.0,50.0,97.82608695652173,0.0,2.1739130434782608,0.0,0.0,1.6129032258064515,1.6129032258064515,96.7741935483871,100.0,0.0,0.0,0.0,0.0,0.0,0.0,100.0,95.38461538461539,0.0,4.615384615384616,0.0,0.0,0.0,0.0,100.0,0.0,0.0,0.0,0.0,0.0,0.0,0.0,0.0,100.0,0.0,0.0,0.0,0.0,0.0,0.0,-1.6129032258064515,2.1739130434782608,0.5610098176718092,-2.173913043478265,1.0518934081346316,100.0,0.0,0.0,0.0,0.0,0.0,0.0,0.0,0.0,0.0,50.0,50.0,0.0,0.0,50.0,-50.0,-2.173913043478265,2.441471571906348,0.0,0.0,2.1739130434782608,-2.441471571906355,0.0,0.0
T44 CONTROLE,CONTROLE,0.0,0.0,0.0,100.0,33.33333333333333,0.0,0.0,66.66666666666666,0.0,0.0,0.0,100.0,74.0,6.0,20.0,0.0,0.0,0.0,8.695652173913043,91.30434782608695,37.5,0.0,37.5,25.0,0.0,23.52941176470588,0.0,76.47058823529412,57.14285714285714,11.428571428571429,31.428571428571427,0.0,0.0,3.225806451612903,0.0,96.7741935483871,100.0,0.0,0.0,0.0,0.0,0.0,0.0,100.0,85.71428571428571,0.0,14.285714285714285,0.0,0.0,0.0,-3.225806451612903,0.0,0.0,-8.695652173913043,3.225806451612897,8.695652173913047,-66.66666666666667,-4.166666666666671,0.0,0.0,0.0,-37.5,66.66666666666666,41.66666666666666,0.0,0.0,0.0,-23.52941176470588,0.0,0.0,0.0,23.529411764705884,-11.714285714285708,16.85714285714286,6.0,-5.428571428571429,5.714285714285715,-11.428571428571427,0.0,0.0
T49 CONTROLE,CONTROLE,0.0,0.0,0.0,100.0,0.0,0.0,0.0,0.0,0.0,0.0,0.0,0.0,100.0,0.0,0.0,0.0,0.0,7.4074074074074066,0.0,92.5925925925926,100.0,0.0,0.0,0.0,0.0,0.0,0.0,0.0,96.0,4.0,0.0,0.0,0.0,0.0,4.3478260869565215,95.65217391304348,0.0,0.0,0.0,100.0,0.0,0.0,0.0,100.0,95.83333333333334,4.166666666666666,0.0,0.0,0.0,0.0,0.0,-7.4074074074074066,-4.3478260869565215,0.0,4.347826086956516,7.407407407407405,0.0,-100.0,0.0,0.0,0.0,0.0,-100.0,0.0,0.0,0.0,0.0,0.0,0.0,0.0,-100.0,0.0,4.166666666666657,4.0,-4.166666666666666,-4.0,0.0,0.0,0.0,0.0
T36 CONTROLE,CONTROLE,0.0,0.0,0.0,100.0,0.0,0.0,100.0,0.0,0.0,0.0,0.0,100.0,98.61111111111111,1.3888888888888888,0.0,0.0,0.0,0.0,0.0,100.0,25.0,0.0,0.0,75.0,0.0,0.0,0.0,0.0,89.13043478260869,10.869565217391305,0.0,0.0,0.0,0.0,0.0,100.0,0.0,0.0,0.0,100.0,0.0,0.0,0.0,100.0,92.10526315789474,2.631578947368421,5.263157894736842,0.0,0.0,0.0,0.0,0.0,0.0,0.0,0.0,0.0,0.0,-25.0,0.0,0.0,100.0,100.0,-100.0,-75.0,0.0,0.0,0.0,0.0,0.0,0.0,0.0,100.0,6.505847953216374,9.480676328502426,-1.242690058479532,-9.480676328502415,-5.263157894736842,0.0,0.0,0.0
T39 CONTROLE,CONTROLE,0.0,0.0,1.0101010101010102,98.98989898989899,0.0,0.0,0.0,0.0,50.0,0.0,0.0,50.0,98.98989898989899,0.0,1.0101010101010102,0.0,0.0,1.4925373134328357,0.0,98.50746268656717,50.0,0.0,0.0,50.0,100.0,0.0,0.0,0.0,95.52238805970148,1.4925373134328357,2.9850746268656714,0.0,0.0,0.0,2.0408163265306123,97.95918367346938,0.0,0.0,0.0,0.0,0.0,0.0,0.0,100.0,98.0392156862745,0.0,1.9607843137254901,0.0,0.0,0.0,0.0,-1.4925373134328357,-1.0307153164296021,1.0101010101010102,1.0307153164296068,0.4824363033318235,0.0,-50.0,0.0,0.0,0.0,0.0,0.0,-50.0,50.0,-50.0,0.0,0.0,0.0,0.0,-50.0,50.0,0.950683303624487,3.4675109301975056,0.0,-1.4925373134328357,-0.95068330362448,-1.9749736167646612,0.0,0.0
T19 TEA MODERADO,TEA,0.0,3.4090909090909087,1.1363636363636365,95.45454545454545,33.33333333333333,0.0,66.66666666666666,0.0,11.76470588235294,70.58823529411765,0.0,17.647058823529413,91.95402298850574,1.1494252873563218,6.896551724137931,0.0,0.0,9.401709401709402,2.564102564102564,88.03418803418803,100.0,0.0,0.0,0.0,40.0,20.0,0.0,40.0,97.14285714285714,0.9523809523809524,1.9047619047619049,0.0,0.0,2.9850746268656714,1.4925373134328357,95.52238805970148,25.0,0.0,25.0,50.0,33.33333333333333,0.0,0.0,66.66666666666666,97.76119402985076,0.0,2.2388059701492535,0.0,0.0,0.0,0.42401628222523735,-5.992618492618494,-0.3561736770691992,-1.4277389277389274,-0.0678426051560308,7.420357420357419,8.333333333333329,-66.66666666666667,0.0,0.0,41.66666666666666,66.66666666666666,-50.0,0.0,-21.568627450980387,-28.235294117647058,70.58823529411765,50.58823529411765,0.0,0.0,-49.019607843137244,-22.352941176470587,-5.807171041345015,-5.188834154351397,1.1494252873563218,0.19704433497536933,4.657745753988677,4.9917898193760255,0.0,0.0
T25 TEA LEVE,TEA,0.0,2.898550724637681,1.4492753623188406,95.65217391304348,33.33333333333333,0.0,33.33333333333333,33.33333333333333,16.666666666666664,16.666666666666664,0.0,66.66666666666666,94.36619718309859,0.0,5.633802816901409,0.0,0.0,0.0,4.651162790697675,95.34883720930233,33.33333333333333,0.0,33.33333333333333,33.33333333333333,0.0,33.33333333333333,0.0,66.66666666666666,91.30434782608695,2.1739130434782608,6.521739130434782,0.0,0.0,4.878048780487805,2.4390243902439024,92.6829268292683,16.666666666666664,0.0,0.0,83.33333333333334,0.0,20.0,0.0,80.0,85.41666666666666,6.25,8.333333333333332,0.0,0.0,0.0,-1.9794980558501236,2.898550724637681,-0.9897490279250618,-3.201887428378834,2.969247083775187,0.3033367037411523,16.666666666666664,0.0,0.0,0.0,33.33333333333333,0.0,-50.000000000000014,0.0,16.666666666666664,16.666666666666664,-3.3333333333333357,-16.666666666666664,0.0,0.0,-13.333333333333343,0.0,8.949530516431935,3.0618493570116385,-6.25,-2.1739130434782608,-2.699530516431923,-0.8879363135333733,0.0,0.0
T38 CONTROLE,CONTROLE,0.0,0.0,2.8368794326241136,97.16312056737588,0.0,0.0,0.0,0.0,30.76923076923077,0.0,0.0,69.23076923076923,93.83561643835617,0.0,6.164383561643835,0.0,0.0,1.0416666666666665,0.0,98.95833333333334,40.0,0.0,0.0,60.0,9.090909090909092,0.0,0.0,90.9090909090909,86.11111111111111,3.7037037037037033,10.185185185185185,0.0,0.0,1.5384615384615385,0.0,98.46153846153847,66.66666666666666,0.0,0.0,33.33333333333333,0.0,100.0,0.0,0.0,96.96969696969697,1.5151515151515151,1.5151515151515151,0.0,0.0,0.0,-1.5384615384615385,-1.0416666666666665,2.8368794326241136,2.8368794326241136,-1.2984178941625828,-1.7952127659574586,-66.66666666666666,-40.0,0.0,0.0,0.0,0.0,-33.33333333333333,-60.0,30.76923076923077,21.67832167832168,-100.0,0.0,0.0,0.0,69.23076923076923,-21.67832167832168,-3.1340805313408,7.724505327245055,-1.5151515151515151,-3.7037037037037033,4.649232046492321,-4.02080162354135,0.0,0.0
T21 TEA MODERADO,TEA,0.0,2.127659574468085,0.0,97.87234042553192,25.0,0.0,0.0,75.0,0.0,33.33333333333333,0.0,66.66666666666666,90.19607843137256,3.9215686274509802,5.88235294117647,0.0,0.0,0.0,0.0,100.0,20.0,0.0,0.0,80.0,0.0,25.0,0.0,75.0,79.36507936507937,14.285714285714285,6.349206349206349,0.0,0.0,3.6363636363636362,1.8181818181818181,94.54545454545455,33.33333333333333,0.0,0.0,66.66666666666666,25.0,25.0,0.0,50.0,94.54545454545455,0.0,5.454545454545454,0.0,0.0,0.0,-1.5087040618955512,2.127659574468085,-1.8181818181818181,0.0,3.32688588007737,-2.1276595744680833,-8.333333333333329,5.0,0.0,0.0,0.0,0.0,8.333333333333343,-5.0,-25.0,0.0,8.333333333333329,8.333333333333329,0.0,0.0,16.666666666666657,-8.333333333333343,-4.349376114081991,10.830999066293188,3.9215686274509802,-10.364145658263304,0.427807486631016,-0.46685340802987874,0.0,0.0
T24 TEA LEVE,TEA,0.0,2.3255813953488373,4.651162790697675,93.02325581395348,0.0,0.0,0.0,100.0,20.0,0.0,0.0,80.0,84.0,10.0,6.0,0.0,0.0,0.0,2.272727272727273,97.72727272727273,0.0,0.0,0.0,100.0,28.57142857142857,0.0,0.0,71.42857142857143,84.0,4.0,12.0,0.0,0.0,0.0,0.0,100.0,0.0,0.0,0.0,0.0,0.0,0.0,0.0,100.0,94.87179487179486,0.0,5.128205128205128,0.0,0.0,0.0,2.3255813953488373,2.3255813953488373,4.651162790697675,2.3784355179704018,-6.976744186046517,-4.704016913319251,0.0,0.0,0.0,0.0,0.0,0.0,100.0,0.0,20.0,-8.57142857142857,0.0,0.0,0.0,0.0,-20.0,8.57142857142857,-10.871794871794862,0.0,10.0,6.0,0.8717948717948723,-6.0,0.0,0.0
T48 CONTROLE,CONTROLE,0.0,0.0,2.0,98.0,50.0,0.0,0.0,50.0,0.0,0.0,0.0,100.0,96.07843137254902,3.9215686274509802,0.0,0.0,0.0,0.0,0.0,100.0,100.0,0.0,0.0,0.0,0.0,0.0,0.0,0.0,97.22222222222221,2.7777777777777777,0.0,0.0,0.0,0.0,0.0,100.0,100.0,0.0,0.0,0.0,0.0,0.0,0.0,100.0,92.3076923076923,3.8461538461538463,3.8461538461538463,0.0,0.0,0.0,0.0,0.0,2.0,2.0,-2.0,-2.0,-50.0,-50.0,0.0,0.0,0.0,0.0,50.0,50.0,0.0,0.0,0.0,0.0,0.0,0.0,0.0,100.0,3.7707390648567127,-1.143790849673195,0.07541478129713397,1.1437908496732025,-3.8461538461538463,0.0,0.0,0.0
T46 TEA LEVE,TEA,0.0,0.0,2.272727272727273,97.72727272727273,0.0,0.0,0.0,100.0,100.0,0.0,0.0,0.0,95.55555555555556,4.444444444444445,0.0,0.0,0.0,10.666666666666668,2.666666666666667,86.66666666666667,87.5,0.0,0.0,12.5,0.0,0.0,0.0,100.0,97.1830985915493,0.0,2.8169014084507045,0.0,0.0,0.0,0.0,100.0,0.0,0.0,0.0,0.0,0.0,0.0,0.0,100.0,97.67441860465115,0.0,2.3255813953488373,0.0,0.0,0.0,0.0,-10.666666666666668,2.272727272727273,-0.39393939393939403,-2.2727272727272663,11.060606060606062,0.0,-87.5,0.0,0.0,0.0,0.0,100.0,87.5,100.0,100.0,0.0,0.0,0.0,0.0,-100.0,-100.0,-2.1188630490955944,-1.6275430359937388,4.444444444444445,4.444444444444445,-2.3255813953488373,-2.8169014084507045,0.0,0.0
T60 CONTROLE,CONTROLE,0.0,0.0,0.0,100.0,0.0,0.0,0.0,100.0,33.33333333333333,0.0,0.0,66.66666666666666,96.37681159420289,1.4492753623188406,2.1739130434782608,0.0,0.0,0.0,0.0,100.0,0.0,0.0,0.0,100.0,0.0,0.0,0.0,0.0,99.23076923076923,0.7692307692307693,0.0,0.0,0.0,0.9803921568627451,0.0,99.01960784313727,100.0,0.0,0.0,0.0,0.0,0.0,0.0,100.0,98.0392156862745,0.9803921568627451,0.9803921568627451,0.0,0.0,0.0,-0.9803921568627451,0.0,0.0,0.0,0.9803921568627345,0.0,-100.0,0.0,0.0,0.0,0.0,0.0,100.0,0.0,33.33333333333333,33.33333333333333,0.0,0.0,0.0,0.0,-33.33333333333334,66.66666666666666,-1.6624040920716112,-2.853957636566335,0.4688832054560955,0.6800445930880713,1.1935208866155156,2.1739130434782608,0.0,0.0
T51 CONTROLE,CONTROLE,0.0,2.898550724637681,0.0,97.10144927536231,100.0,0.0,0.0,0.0,0.0,0.0,0.0,0.0,100.0,0.0,0.0,0.0,0.0,0.0,0.0,100.0,0.0,0.0,0.0,0.0,0.0,0.0,0.0,0.0,100.0,0.0,0.0,0.0,0.0,0.0,0.0,100.0,0.0,0.0,0.0,0.0,0.0,0.0,0.0,100.0,98.07692307692307,0.0,1.9230769230769231,0.0,0.0,0.0,2.898550724637681,2.898550724637681,0.0,0.0,-2.898550724637687,-2.898550724637687,100.0,100.0,0.0,0.0,0.0,0.0,0.0,0.0,0.0,0.0,0.0,0.0,0.0,0.0,-100.0,0.0,1.923076923076934,0.0,0.0,0.0,-1.9230769230769231,0.0,0.0,0.0
T29 TEA LEVE,TEA,0.0,7.142857142857142,2.857142857142857,90.0,47.05882352941176,0.0,0.0,52.94117647058824,50.0,0.0,0.0,50.0,92.14285714285714,5.0,2.857142857142857,0.0,0.0,0.847457627118644,0.0,99.15254237288136,16.666666666666664,0.0,0.0,83.33333333333334,66.66666666666666,0.0,0.0,33.33333333333333,93.4959349593496,4.0650406504065035,2.4390243902439024,0.0,0.0,5.0,1.4285714285714286,93.57142857142857,40.0,0.0,0.0,60.0,0.0,0.0,0.0,100.0,91.72413793103448,6.206896551724138,2.0689655172413794,0.0,0.0,0.0,2.1428571428571423,6.295399515738499,1.4285714285714286,2.857142857142857,-3.5714285714285694,-9.152542372881356,7.058823529411761,30.392156862745097,0.0,0.0,0.0,0.0,-7.058823529411761,-30.392156862745104,50.0,-16.666666666666657,0.0,0.0,0.0,0.0,-50.0,16.66666666666667,0.4187192118226619,-1.3530778164924584,-1.206896551724138,0.9349593495934965,0.7881773399014778,0.4181184668989548,0.0,0.0
T34 CONTROLE,CONTROLE,0.0,0.0,0.0,100.0,0.0,0.0,0.0,0.0,0.0,0.0,0.0,0.0,100.0,0.0,0.0,0.0,0.0,5.617977528089887,0.0,94.3820224719101,100.0,0.0,0.0,0.0,0.0,0.0,0.0,100.0,98.82352941176471,0.0,1.1764705882352942,0.0,0.0,1.282051282051282,0.0,98.71794871794873,100.0,0.0,0.0,0.0,0.0,0.0,0.0,0.0,100.0,0.0,0.0,0.0,0.0,0.0,-1.282051282051282,-5.617977528089887,0.0,0.0,1.2820512820512704,5.617977528089895,-100.0,-100.0,0.0,0.0,0.0,0.0,0.0,0.0,0.0,0.0,0.0,0.0,0.0,0.0,0.0,-100.0,0.0,1.17647058823529,0.0,0.0,0.0,-1.1764705882352942,0.0,0.0
T17 TEA LEVE,TEA,0.0,2.564102564102564,2.564102564102564,94.87179487179486,0.0,0.0,0.0,100.0,0.0,0.0,0.0,100.0,82.97872340425532,12.76595744680851,4.25531914893617,0.0,0.0,21.73913043478261,0.0,78.26086956521739,40.0,0.0,10.0,50.0,0.0,50.0,0.0,50.0,76.0,12.0,12.0,0.0,0.0,0.0,0.0,100.0,0.0,0.0,0.0,100.0,0.0,0.0,0.0,100.0,91.8918918918919,5.405405405405405,2.7027027027027026,0.0,0.0,0.0,2.564102564102564,-19.175027870680047,2.564102564102564,2.564102564102564,-5.128205128205138,16.61092530657747,0.0,-40.0,0.0,0.0,0.0,-10.0,0.0,50.0,0.0,0.0,0.0,-50.0,0.0,0.0,0.0,50.0,-8.913168487636582,6.9787234042553195,7.360552041403105,0.7659574468085104,1.5526164462334675,-7.74468085106383,0.0,0.0
T12 CONTROLE,CONTROLE,0.0,0.0,0.0,0.0,0.0,0.0,0.0,0.0,0.0,0.0,0.0,0.0,0.0,0.0,0.0,0.0,0.0,0.0,0.0,0.0,0.0,0.0,0.0,0.0,0.0,0.0,0.0,0.0,0.0,0.0,0.0,0.0,0.0,0.0,0.0,0.0,0.0,0.0,0.0,0.0,0.0,0.0,0.0,0.0,0.0,0.0,0.0,0.0,0.0,0.0,0.0,0.0,0.0,0.0,0.0,0.0,0.0,0.0,0.0,0.0,0.0,0.0,0.0,0.0,0.0,0.0,0.0,0.0,0.0,0.0,0.0,0.0,0.0,0.0,0.0,0.0,0.0,0.0,0.0,0.0
T47 CONTROLE,CONTROLE,0.0,1.5384615384615385,0.0,98.46153846153847,50.0,0.0,0.0,50.0,0.0,60.0,0.0,40.0,90.0,2.857142857142857,7.142857142857142,0.0,0.0,7.2727272727272725,1.8181818181818181,90.9090909090909,55.55555555555556,0.0,22.22222222222222,22.22222222222222,0.0,27.27272727272727,0.0,72.72727272727273,83.33333333333334,3.3333333333333335,13.333333333333334,0.0,0.0,5.47945205479452,0.0,94.52054794520548,27.27272727272727,0.0,36.36363636363637,36.36363636363637,0.0,12.5,0.0,87.5,87.5,7.5,5.0,0.0,0.0,0.0,-3.940990516332982,-5.734265734265734,0.0,-1.8181818181818181,3.940990516332988,7.5524475524475605,22.72727272727273,-5.555555555555557,0.0,0.0,-36.36363636363637,-22.22222222222222,13.636363636363633,27.77777777777778,0.0,0.0,47.5,32.727272727272734,0.0,0.0,-47.5,-32.727272727272734,2.5,6.666666666666657,-4.642857142857142,-0.4761904761904763,2.1428571428571423,-6.190476190476192,0.0,0.0
T59 CONTROLE,CONTROLE,0.0,1.9607843137254901,3.9215686274509802,94.11764705882352,100.0,0.0,0.0,0.0,0.0,25.0,0.0,75.0,94.23076923076923,1.9230769230769231,3.8461538461538463,0.0,0.0,6.25,2.083333333333333,91.66666666666666,42.857142857142854,0.0,28.57142857142857,28.57142857142857,33.33333333333333,33.33333333333333,0.0,33.33333333333333,93.61702127659575,6.382978723404255,0.0,0.0,0.0,0.0,4.878048780487805,95.1219512195122,0.0,0.0,0.0,0.0,50.0,0.0,0.0,50.0,97.5,0.0,2.5,0.0,0.0,0.0,1.9607843137254901,-4.28921568627451,-0.9564801530368245,1.8382352941176472,-1.004304160688676,2.4509803921568647,100.0,57.142857142857146,0.0,0.0,0.0,-28.57142857142857,0.0,-28.57142857142857,-50.0,-33.33333333333333,25.0,-8.333333333333329,0.0,0.0,25.0,41.66666666666667,-3.2692307692307736,0.6137479541734763,1.9230769230769231,-4.459901800327332,1.3461538461538463,3.8461538461538463,0.0,0.0
T35 CONTROLE,CONTROLE,0.0,0.0,0.0,100.0,0.0,0.0,0.0,0.0,0.0,0.0,0.0,0.0,100.0,0.0,0.0,0.0,0.0,0.0,0.0,100.0,0.0,0.0,0.0,100.0,0.0,0.0,0.0,0.0,95.23809523809523,4.761904761904762,0.0,0.0,0.0,0.0,0.0,100.0,0.0,0.0,0.0,0.0,0.0,0.0,0.0,0.0,100.0,0.0,0.0,0.0,0.0,0.0,0.0,0.0,0.0,0.0,0.0,0.0,0.0,0.0,0.0,0.0,0.0,0.0,0.0,-100.0,0.0,0.0,0.0,0.0,0.0,0.0,0.0,0.0,0.0,4.761904761904773,0.0,-4.761904761904762,0.0,0.0,0.0,0.0
T22 TEA MODERADO,TEA,0.0,0.0,0.0,100.0,0.0,0.0,0.0,100.0,0.0,20.0,0.0,80.0,83.33333333333334,0.0,16.666666666666664,0.0,0.0,3.3333333333333335,3.3333333333333335,93.33333333333333,20.0,0.0,10.0,70.0,18.181818181818183,18.181818181818183,0.0,63.63636363636363,61.904761904761905,16.666666666666664,21.428571428571427,0.0,0.0,5.405405405405405,5.405405405405405,89.1891891891892,40.0,0.0,10.0,50.0,0.0,28.57142857142857,0.0,71.42857142857143,68.08510638297872,8.51063829787234,23.404255319148938,0.0,0.0,0.0,-5.405405405405405,-3.3333333333333335,-5.405405405405405,-3.3333333333333335,10.810810810810807,6.666666666666671,-40.0,-20.0,0.0,0.0,-10.0,-10.0,50.0,30.0,0.0,-18.181818181818183,-8.57142857142857,1.8181818181818166,0.0,0.0,8.57142857142857,16.363636363636367,15.24822695035462,21.428571428571438,-8.51063829787234,-16.666666666666664,-6.737588652482273,-4.761904761904763,0.0,0.0
T50 CONTROLE,CONTROLE,0.0,3.787878787878788,0.3787878787878788,95.83333333333334,61.111111111111114,0.0,5.555555555555555,33.33333333333333,16.666666666666664,0.0,0.0,83.33333333333334,95.45454545454545,3.0303030303030303,1.5151515151515151,0.0,0.0,4.166666666666666,0.8333333333333334,95.0,66.66666666666666,0.0,6.666666666666667,26.666666666666668,75.0,0.0,0.0,25.0,97.42489270386267,2.1459227467811157,0.4291845493562232,0.0,0.0,2.867383512544803,0.35842293906810035,96.7741935483871,50.0,0.0,0.0,50.0,33.33333333333333,16.666666666666664,0.0,50.0,94.36619718309859,3.873239436619718,1.7605633802816902,0.0,0.0,0.0,0.9204952753339852,-0.378787878787878,0.02036493971977843,-0.4545454545454546,-0.9408602150537604,0.8333333333333428,11.111111111111114,-5.555555555555543,0.0,0.0,5.555555555555555,-1.1111111111111116,-16.66666666666667,6.666666666666661,-16.666666666666664,-58.333333333333336,-16.666666666666664,0.0,0.0,0.0,33.33333333333334,58.33333333333334,1.0883482714468613,-1.9703472493172143,-0.8429364063166878,0.8843802835219146,-0.2454118651301751,1.085966965795292,0.0,0.0
