participante_id,grupo,gaze_x_mean,gaze_x_std,gaze_y_mean,gaze_y_std,pupil_left_mean,pupil_left_std,pupil_right_mean,pupil_right_std,duration_mean,duration_total,aoi_prop_-,aoi_prop_AOI_6,"aoi_prop_AOI_3,AOI_6",aoi_prop_AOI_5,"aoi_prop_AOI_3,AOI_4,AOI_6","aoi_prop_AOI_4,AOI_6,AOI_8","aoi_prop_AOI_4,AOI_6","aoi_prop_AOI_1,AOI_4,AOI_5,AOI_7","aoi_prop_AOI_4,AOI_5,AOI_7","aoi_prop_AOI_1,AOI_5,AOI_7","aoi_prop_AOI_2,AOI_4,AOI_5,AOI_7","aoi_prop_AOI_4,AOI_7",aoi_prop_AOI_7,aoi_prop_2.5,aoi_prop_4,aoi_prop_3.6,aoi_prop_2,aoi_prop_3,aoi_prop_1,aoi_prop_4.5,aoi_prop_5.6,aoi_prop_6,aoi_prop_2006-05-02 00:00:00,aoi_prop_2006-05-03 00:00:00,aoi_prop_2.6,aoi_prop_1.4,aoi_prop_5,aoi_prop_3.5,aoi_prop_2005-04-02 00:00:00,aoi_prop_2.4,aoi_prop_4.6,"aoi_prop_AOI_2,AOI_5,AOI_7","aoi_prop_AOI_2,AOI_4,AOI_6,AOI_7","aoi_prop_AOI_4,AOI_6,AOI_7","aoi_prop_AOI_2,AOI_4,AOI_7","aoi_prop_AOI_1,AOI_4,AOI_6,AOI_7","aoi_prop_AOI_2,AOI_6,AOI_7","aoi_prop_AOI_6,AOI_7","aoi_prop_AOI_5,AOI_7","aoi_prop_AOI_2,AOI_7","aoi_prop_AOI_1,AOI_4,AOI_7","aoi_prop_AOI_4,AOI_5","aoi_prop_AOI_1,AOI_6,AOI_7",aoi_prop_2005-02-01 00:00:00,aoi_prop_1.2,"aoi_prop_1,4","aoi_prop_2,5","aoi_prop_3,6","aoi_prop_5,6"
T47,0,521.3512676763451,109.25980376080184,474.7288093046607,164.1722618290158,5.7985959398623965,0.26733292960323557,5.66451079197111,0.3040382259671556,17.34875742615681,207335,0.636515772738683,0.21772236632917746,0.043343653250773995,0.035059827629487075,0.025771901932892645,0.014475776085683206,0.013555351016651326,0.005857250439293783,0.0025939251945443897,0.002342900175717513,0.0016735001255125093,0.0006694000502050038,0.00041837503137812733,0.0,0.0,0.0,0.0,0.0,0.0,0.0,0.0,0.0,0.0,0.0,0.0,0.0,0.0,0.0,0.0,0.0,0.0,0.0,0.0,0.0,0.0,0.0,0.0,0.0,0.0,0.0,0.0,0.0,0.0,0.0,0.0,0.0,0.0,0.0,0.0
T49,0,505.8718400940623,71.07138415156633,352.06147644242884,96.60451839798756,5.205915975014974,0.4513264313332562,5.133866133015413,0.43887847317809575,17.481397497270514,208151,0.0,0.0,0.0,0.0,0.0,0.0,0.0,0.0,0.0,0.0,0.0,0.0,0.0,0.0,0.0,0.0,0.0,0.0,0.0,0.0,0.0,0.0,0.0,0.0,0.0,0.0,0.0,0.0,0.0,0.0,0.0,0.0,0.0,0.0,0.0,0.0,0.0,0.0,0.0,0.0,0.0,0.0,0.0,0.0,0.0,0.0,0.0,0.0,0.0
T40,1,584.6805590851334,122.96700427341808,391.76594663278274,77.67877485456587,3.567644902829867,0.21367059076820868,3.704993474288697,0.21317710137306847,17.630410842863192,208127,0.11274883523930537,0.0,0.0,0.0,0.0,0.0,0.0,0.0,0.0,0.0,0.0,0.0,0.0,0.2411689961880559,0.23058026260059297,0.17670478610758153,0.1635747564591275,0.04260906395595087,0.016772554002541296,0.005506141465480729,0.003981363828886066,0.0024565861922914017,0.002287166454891995,0.0014400677678949598,0.00016941973739940702,0.0,0.0,0.0,0.0,0.0,0.0,0.0,0.0,0.0,0.0,0.0,0.0,0.0,0.0,0.0,0.0,0.0,0.0,0.0,0.0,0.0,0.0,0.0,0.0
T30,1,526.9656304305851,105.83001401681197,484.1228036300444,251.07740953386318,4.384081346423563,0.6110038739606377,4.124166212830846,0.39452085364489836,20.030314732573856,207474,0.21596833365514578,0.0,0.0,0.0,0.0,0.0,0.0,0.0,0.0,0.0,0.0,0.0,0.0,0.1010812898242904,0.00048271867155821587,0.0,0.024522108515157365,0.2341185557057347,0.18198493917744737,0.0025101370921027225,0.0,0.0,0.0,0.0,0.0,0.23595288665765593,0.0030893994979725816,0.00028963120293492954,0.0,0.0,0.0,0.0,0.0,0.0,0.0,0.0,0.0,0.0,0.0,0.0,0.0,0.0,0.0,0.0,0.0,0.0,0.0,0.0,0.0
T16,1,526.2940438346997,81.85316663476513,449.1721599464614,124.2108689801177,5.055086467427804,0.5401455438505093,5.009440342339318,0.5616900024903942,17.409402710389827,208112,0.06315877530533713,0.0,0.0,0.0,0.0,0.0,0.0,0.0,0.0,0.0,0.0,0.0,0.0,0.24242931236406223,0.0,0.32683620545424125,0.033210640789693824,0.1145223356198762,0.031621214656182034,0.0,0.0,0.0,0.0,0.0,0.0,0.14053873180525348,0.0317885226702359,0.01589426133511795,0.0,0.0,0.0,0.0,0.0,0.0,0.0,0.0,0.0,0.0,0.0,0.0,0.0,0.0,0.0,0.0,0.0,0.0,0.0,0.0,0.0
T27,1,499.1357924238315,122.93416402092772,439.08199981918455,149.32109491809064,4.949171312482283,0.43590596230930057,5.274069675376088,0.44628006538298753,18.7785914474279,207710,0.13515956965916281,0.0,0.0,0.0,0.0,0.0,0.0,0.0,0.0,0.0,0.0,0.0,0.0,0.44769912304493265,0.11020703372208661,0.12666124220233252,0.03779043486122412,0.11120151885001356,0.01826236325829491,0.0,0.0060573185064641535,0.00027122321670735016,0.0012657083446343006,0.003345086339390652,0.0001808154778049001,0.0,0.001898562516951451,0.0,0.0,0.0,0.0,0.0,0.0,0.0,0.0,0.0,0.0,0.0,0.0,0.0,0.0,0.0,0.0,0.0,0.0,0.0,0.0,0.0,0.0
T55,0,547.4203015616586,56.99466598860114,400.0725183988512,154.25245971164335,5.073873806403295,0.4197016900728847,3.8910030172807892,0.28241465505584157,18.653832346077902,207841,0.0,0.0,0.0,0.0,0.0,0.0,0.0,0.0,0.0,0.0,0.0,0.0,0.0,0.0,0.0,0.0,0.0,0.0,0.0,0.0,0.0,0.0,0.0,0.0,0.0,0.0,0.0,0.0,0.0,0.0,0.0,0.0,0.0,0.0,0.0,0.0,0.0,0.0,0.0,0.0,0.0,0.0,0.0,0.0,0.0,0.0,0.0,0.0,0.0
T37,0,510.45241717376604,69.08950658222936,393.1468897903989,111.76139982060398,3.7862078922040423,0.29733980548726935,3.8131765734265737,0.2956004531123154,17.597616632860042,208215,0.07521974306964165,0.0,0.0,0.0,0.0,0.0,0.0,0.0,0.0,0.0,0.0,0.0,0.0,0.34237660581473967,0.24036511156186613,0.20410750507099393,0.021467207572684246,0.051048005409060175,0.0595841784989858,0.0,0.0023664638269100743,0.0002535496957403651,0.0005070993914807302,0.0011832319134550372,8.451656524678837e-05,0.0,0.0014367816091954023,0.0,0.0,0.0,0.0,0.0,0.0,0.0,0.0,0.0,0.0,0.0,0.0,0.0,0.0,0.0,0.0,0.0,0.0,0.0,0.0,0.0,0.0
T20,1,530.5776888444223,107.36295322268313,392.2631315657829,132.08115177719748,3.9235355090311987,0.2725494608933622,3.7478266596417282,0.2554664742550956,20.75177588794397,207414,0.04862431215607804,0.0,0.0,0.0,0.0,0.0,0.0,0.0,0.0,0.0,0.0,0.0,0.0,0.24762381190595298,0.0,0.09194597298649325,0.04672336168084042,0.08504252126063032,0.12046023011505753,0.0,0.0013006503251625813,0.00010005002501250626,0.0,0.0,0.0,0.3492746373186593,0.0010005002501250625,0.0,0.007203601800900451,0.0007003501750875437,0.0,0.0,0.0,0.0,0.0,0.0,0.0,0.0,0.0,0.0,0.0,0.0,0.0,0.0,0.0,0.0,0.0,0.0,0.0
T58,0,540.7864780668519,100.37803859525839,393.3362802054391,128.13941262720678,6.133194136866946,0.5074564549906222,5.97481665935993,0.5276385382163741,17.52925823019281,208195,0.031742022396228003,0.0,0.0,0.0,0.0,0.0,0.0,0.0,0.0,0.0,0.0,0.0,0.0,0.21301675507282983,0.0,0.18262187421065926,0.04395049254862339,0.12200050517807527,0.15256377873200302,0.0,0.0042098172939294435,0.00042098172939294433,0.0009261598046644776,0.0015155342258145997,8.419634587858886e-05,0.24492717016081503,0.002020712301086133,0.0,0.0,0.0,0.0,0.0,0.0,0.0,0.0,0.0,0.0,0.0,0.0,0.0,0.0,0.0,0.0,0.0,0.0,0.0,0.0,0.0,0.0
T22,1,530.5192574120255,73.45786976625276,342.90200424863764,128.6679050932339,4.069774022211491,0.3571070786719658,4.066939484126984,0.3612195726001832,19.185554631938672,207722,0.15295095594347466,0.0,0.0,0.0,0.0,0.0,0.0,0.0,0.0,0.0,0.0,0.0,0.0,0.05994273575320957,0.4183984483236354,0.059111480557864596,0.01126812598134294,0.10242911240417475,0.1742865059573289,0.0,0.00046180844185831715,0.0,0.0003694467534866537,0.00046180844185831715,0.0,0.0,0.0007388935069733074,0.0,0.018195252609217696,0.0013854253255749516,0.0,0.0,0.0,0.0,0.0,0.0,0.0,0.0,0.0,0.0,0.0,0.0,0.0,0.0,0.0,0.0,0.0,0.0,0.0
T51,0,525.5210683477106,68.72904900700182,379.85716655607166,79.46868569885504,5.333286455717396,0.5082074946085203,6.007720581830851,0.5599181614561559,17.273805573988056,208253,0.05192435301924353,0.0,0.0,0.0,0.0,0.0,0.0,0.0,0.0,0.0,0.0,0.0,0.0,0.2881552753815528,0.3704379562043796,0.0,0.030358327803583277,0.20578964830789648,0.037325812873258125,0.0,0.0,0.005059721300597213,0.0,0.0,0.0,0.0,0.005474452554744526,0.0025713337757133376,0.0,0.0,0.0029031187790311878,0.0,0.0,0.0,0.0,0.0,0.0,0.0,0.0,0.0,0.0,0.0,0.0,0.0,0.0,0.0,0.0,0.0,0.0
T48,0,532.9720852486419,66.77879738144354,325.81771834517343,80.93289517169055,3.6331486730224167,0.3042469771866463,3.436542048223137,0.2905515228366402,17.398662766402005,208175,0.014960300877559549,0.0,0.0,0.0,0.0,0.0,0.0,0.0,0.0,0.0,0.0,0.0,0.0,0.10764730463852905,0.0,0.0,0.014458838278311743,0.08056832427914751,0.1793564563309653,0.0,0.0,0.0,0.0,0.0,0.0,0.5996656916005014,0.0029251984956122023,0.0004178854993731718,0.0,0.0,0.0,0.0,0.0,0.0,0.0,0.0,0.0,0.0,0.0,0.0,0.0,0.0,0.0,0.0,0.0,0.0,0.0,0.0,0.0
T19,1,546.0563782800727,72.4974242288039,461.0130769896943,123.61076793383465,4.916590175377367,0.324227951835797,4.781464698596202,0.3556803160752795,18.020524811639387,208083,0.06088161427210531,0.0,0.0,0.0,0.0,0.0,0.0,0.0,0.0,0.0,0.0,0.0,0.0,0.2796397332640513,0.0,0.4362171992725383,0.02061141422014376,0.13025028145838746,0.020524811639386853,0.0,0.0045899367801160475,0.0001732051615138131,0.0,0.0,0.0,0.03992378972893392,0.005109552264657487,0.0,0.0018186541958950377,0.0002598077422707197,0.0,0.0,0.0,0.0,0.0,0.0,0.0,0.0,0.0,0.0,0.0,0.0,0.0,0.0,0.0,0.0,0.0,0.0,0.0
T28,1,532.1735918744229,253.77204586109218,573.92459218221,249.67249393095625,3.7352331670822942,1.0352595791645107,2.981083916083916,0.7313557871064952,62.931671283471836,204465,0.0,0.0,0.0,0.0,0.0,0.0,0.0,0.0,0.0,0.0,0.0,0.0,0.0,0.0,0.0,0.0,0.0,0.0,0.0,0.0,0.0,0.0,0.0,0.0,0.0,0.0,0.0,0.0,0.0,0.0,0.0,0.0,0.0,0.0,0.0,0.0,0.0,0.0,0.0,0.0,0.0,0.0,0.0,0.0,0.0,0.0,0.0,0.0,0.0
T39,0,503.89799849258856,82.99301082667976,374.18516037182815,85.69600727288326,4.656966745045348,0.361132383678453,4.323538578167116,0.3825497418280705,17.441169081316474,208265,0.8037852776149401,0.0,0.0,0.0,0.0,0.0,0.0,0.0,0.0,0.0,0.0,0.0,0.0,0.0,0.0,0.0,0.0,0.19621472238505988,0.0,0.0,0.0,0.0,0.0,0.0,0.0,0.0,0.0,0.0,0.0,0.0,0.0,0.0,0.0,0.0,0.0,0.0,0.0,0.0,0.0,0.0,0.0,0.0,0.0,0.0,0.0,0.0,0.0,0.0,0.0
T35,0,479.2828756209579,110.80429629472552,355.6179585715625,76.17732652689092,4.383388915206063,0.3498959858577611,4.3665806652160395,0.3391929100882073,19.46133658262255,207633,0.0228699971881151,0.0,0.0,0.0,0.0,0.0,0.0,0.0,0.0,0.0,0.0,0.0,0.0,0.12615990252132345,0.0,0.017527415877776738,0.05633142750023432,0.05080138719655075,0.07910769519167682,0.0,0.00018745899334520573,0.0002811884900178086,0.0,0.0,0.0,0.6397038147905145,0.0008435654700534258,0.0,0.005623769800356172,0.0005623769800356172,0.0,0.0,0.0,0.0,0.0,0.0,0.0,0.0,0.0,0.0,0.0,0.0,0.0,0.0,0.0,0.0,0.0,0.0,0.0
T44,0,526.2808506914056,89.19069715800012,375.60484859093293,105.0741769421856,4.88251247771836,0.35372824560696814,5.0764180195677895,0.4395665801208405,18.199894976369684,207952,0.6208646945562751,0.09854717311395064,0.006914055662524068,0.05811307544197444,0.006914055662524068,0.03299492385786802,0.02319271836163137,0.020479607911780152,0.03238228601435323,0.0007001575354454753,0.060563626816033604,0.0007001575354454753,0.0,0.0,0.0,0.0,0.0,0.0,0.0,0.0,0.0,0.0,0.0,0.0,0.0,0.0,0.0,0.0,0.0,0.0,0.0,0.010502363031682128,0.009889725188167338,0.006301417819009277,0.004463504288464905,0.0014003150708909505,0.0012252756870295817,0.0009627166112375284,0.000875196919306844,0.0007876772273761596,0.0007001575354454753,0.00035007876772273763,0.00017503938386136881,0.0,0.0,0.0,0.0,0.0,0.0
T59,0,524.3306284530387,88.38880583768595,375.74395718232046,78.3323852637623,3.3119648359615734,0.28303840855850054,3.2479044117647056,0.2637009957251356,17.95398825966851,207979,0.0,0.0,0.0,0.0,0.0,0.0,0.0,0.0,0.0,0.0,0.0,0.0,0.0,0.0,0.0,0.0,0.0,0.0,0.0,0.0,0.0,0.0,0.0,0.0,0.0,0.0,0.0,0.0,0.0,0.0,0.0,0.0,0.0,0.0,0.0,0.0,0.0,0.0,0.0,0.0,0.0,0.0,0.0,0.0,0.0,0.0,0.0,0.0,0.0
T34,0,517.5031661389768,73.88126281332084,396.1010664889185,81.32758358971061,3.4721505556019716,0.27867378407866256,3.650223749266739,0.29916280303182086,17.349358440259955,208227,0.06865522412931178,0.0,0.0,0.0,0.0,0.0,0.0,0.0,0.0,0.0,0.0,0.0,0.0,0.3506082319613398,0.1954674220963173,0.19171804699216796,0.026412264622562905,0.11481419763372772,0.04315947342109648,0.0,0.004749208465255791,0.0,0.00141643059490085,0.0016663889351774704,0.0,0.0,0.0013331111481419764,0.0,0.0,0.0,0.0,0.0,0.0,0.0,0.0,0.0,0.0,0.0,0.0,0.0,0.0,0.0,0.0,0.0,0.0,0.0,0.0,0.0,0.0
T56,0,522.982192590092,63.726563420878286,413.3775002109883,84.34951002498343,5.130120048019208,0.4192947014278448,5.138785438972163,0.390509212943277,17.573972487129716,208234,0.0,0.0,0.0,0.0,0.0,0.0,0.0,0.0,0.0,0.0,0.0,0.0,0.0,0.0,0.0,0.0,0.0,0.0,0.0,0.0,0.0,0.0,0.0,0.0,0.0,0.0,0.0,0.0,0.0,0.0,0.0,0.0,0.0,0.0,0.0,0.0,0.0,0.0,0.0,0.0,0.0,0.0,0.0,0.0,0.0,0.0,0.0,0.0,0.0
T60,0,505.1995966047567,79.95045688045074,388.62442222035463,89.3238673673935,6.167545534768797,0.3704260937221505,5.945246471510717,0.4298304440810252,17.501050508446088,208245,0.0,0.0,0.0,0.0,0.0,0.0,0.0,0.0,0.0,0.0,0.0,0.0,0.0,0.0,0.0,0.0,0.0,0.0,0.0,0.0,0.0,0.0,0.0,0.0,0.0,0.0,0.0,0.0,0.0,0.0,0.0,0.0,0.0,0.0,0.0,0.0,0.0,0.0,0.0,0.0,0.0,0.0,0.0,0.0,0.0,0.0,0.0,0.0,0.0
T41,0,553.8580706984668,196.31328196422697,425.5302385008518,165.61902783249124,4.360193264668442,0.38965576825839165,4.584102115494568,0.43934144056358354,22.05887989778535,207177,0.0,0.0,0.0,0.0,0.0,0.0,0.0,0.0,0.0,0.0,0.0,0.0,0.0,0.0,0.0,0.0,0.0,0.0,0.0,0.0,0.0,0.0,0.0,0.0,0.0,0.0,0.0,0.0,0.0,0.0,0.0,0.0,0.0,0.0,0.0,0.0,0.0,0.0,0.0,0.0,0.0,0.0,0.0,0.0,0.0,0.0,0.0,0.0,0.0
T32,1,517.001273209549,103.18866750735823,375.61729442970824,99.36635867598558,5.889194832792752,0.45334557794539937,5.563747546046102,0.4576367859744253,21.96870026525199,207055,0.027161803713527853,0.0,0.0,0.0,0.0,0.0,0.0,0.0,0.0,0.0,0.0,0.0,0.0,0.2507161803713528,0.00021220159151193635,0.09485411140583555,0.005411140583554377,0.07681697612732095,0.09092838196286472,0.0,0.003183023872679045,0.0,0.00021220159151193635,0.00116710875331565,0.0,0.41092838196286474,0.0010610079575596816,0.0,0.0,0.0,0.0,0.0,0.0,0.0,0.0,0.0,0.0,0.0,0.0,0.0,0.0,0.0,0.0,0.035543766578249335,0.001803713527851459,0.0,0.0,0.0,0.0
T26,1,532.564095550693,104.00177670520677,373.73140043763675,172.52301797225036,5.572988568773234,0.4133639533538597,5.588733327200809,0.3745925794035559,18.923504741064917,207553,0.18462800875273522,0.0,0.0,0.0,0.0,0.0,0.0,0.0,0.0,0.0,0.0,0.0,0.0,0.10366520787746171,0.17824580598103573,0.0,0.013858497447118891,0.2855579868708972,0.22592997811816193,0.006473377097009482,0.0,0.0,0.0,0.0,0.0,0.0,0.0010940919037199124,0.0005470459518599562,0.0,0.0,0.0,0.0,0.0,0.0,0.0,0.0,0.0,0.0,0.0,0.0,0.0,0.0,0.0,0.0,0.0,0.0,0.0,0.0,0.0
T24,1,715.8820183032402,318.740389151765,408.5419243136285,184.45894113114434,4.692936974789915,0.4260908626309352,4.061935860058309,0.49429771016335516,25.532525352461043,206456,0.4878802869156567,0.0,0.0,0.0,0.0,0.0,0.0,0.0,0.0,0.0,0.0,0.0,0.0,0.0364828097947069,0.11662132080138511,0.036235468711352956,0.10239920850853326,0.1437051694286421,0.07420232500618353,0.0,0.0006183527083848628,0.0003710116250309176,0.0006183527083848628,0.0004946821667078902,0.00012367054167697255,0.0,0.0002473410833539451,0.0,0.0,0.0,0.0,0.0,0.0,0.0,0.0,0.0,0.0,0.0,0.0,0.0,0.0,0.0,0.0,0.0,0.0,0.0,0.0,0.0,0.0
T38,0,530.3318861553305,82.3431905717871,337.0553786782441,168.01215594077442,4.498665042913478,0.34786130246006003,4.843350290697675,0.40220067277089844,19.98822961890979,207178,0.0361794500723589,0.0,0.0,0.0,0.0,0.0,0.0,0.0,0.0,0.0,0.0,0.0,0.0,0.1336227689339122,0.0,0.13748191027496381,0.005788712011577424,0.10516160154365653,0.3555233960443801,0.0,0.000964785335262904,0.0,0.0,0.0,0.0,0.22054992764109985,0.0015436565364206464,0.0,0.0031837916063675834,0.0,0.0,0.0,0.0,0.0,0.0,0.0,0.0,0.0,0.0,0.0,0.0,0.0,0.0,0.0,0.0,0.0,0.0,0.0,0.0
T36,0,514.2121263877028,85.21170707400407,404.6461144321093,169.19149713785805,3.691571056062582,0.26564595731467316,3.932609274040289,0.3122788791894246,17.766097352690007,208041,0.08847139197267292,0.0,0.0,0.0,0.0,0.0,0.0,0.0,0.0,0.0,0.0,0.0,0.0,0.22886421861656703,0.0,0.12322801024765158,0.01699402220324509,0.0623398804440649,0.11221178479931683,0.0,0.0014517506404782238,8.539709649871905e-05,0.0,0.0,0.0,0.35798462852263024,0.002305721605465414,0.0,0.005721605465414176,0.0003415883859948762,0.0,0.0,0.0,0.0,0.0,0.0,0.0,0.0,0.0,0.0,0.0,0.0,0.0,0.0,0.0,0.0,0.0,0.0,0.0
T57,0,524.047049782256,62.60255058986098,416.91341473828027,88.03816529475534,4.150232800555942,0.2749450906861371,4.046452725793327,0.24579333201551307,17.768081291093843,208082,0.02211595935445308,0.0,0.0,0.0,0.0,0.0,0.0,0.0,0.0,0.0,0.0,0.0,0.0,0.22423362650499531,0.0,0.40688241823926224,0.016480232260268124,0.08137648364785245,0.054820254461617285,0.0,0.005550337289727606,0.00034155921782939115,0.0017077960891469558,0.0026470839381777817,0.0,0.18085560584066263,0.002988643156007173,0.0,0.0,0.0,0.0,0.0,0.0,0.0,0.0,0.0,0.0,0.0,0.0,0.0,0.0,0.0,0.0,0.0,0.0,0.0,0.0,0.0,0.0
T54,0,569.8640838650866,80.58065799092383,378.39453053783046,100.25471092571208,5.837375730994152,0.43524946289329175,5.64658976744186,0.4212992168645175,18.943573381950774,207811,0.0,0.0,0.0,0.0,0.0,0.0,0.0,0.0,0.0,0.0,0.0,0.0,0.0,0.0,0.0,0.0,0.0,0.0,0.0,0.0,0.0,0.0,0.0,0.0,0.0,0.0,0.0,0.0,0.0,0.0,0.0,0.0,0.0,0.0,0.0,0.0,0.0,0.0,0.0,0.0,0.0,0.0,0.0,0.0,0.0,0.0,0.0,0.0,0.0
T21,1,683.4462564862862,322.4887012761339,399.95285396590066,182.94346460243275,5.079300439667806,0.9977211626070691,4.957181818181819,0.6302376857830405,30.485100074128983,205622,0.31193476649369906,0.0,0.0,0.0,0.0,0.0,0.0,0.0,0.0,0.0,0.0,0.0,0.0,0.17865085248332097,0.08851000741289844,0.18621200889547812,0.05070422535211268,0.1011119347664937,0.060044477390659746,0.0,0.0016308376575240918,0.0,0.00014825796886582654,0.0,0.0,0.0,0.004151223128243143,0.0,0.01630837657524092,0.0005930318754633062,0.0,0.0,0.0,0.0,0.0,0.0,0.0,0.0,0.0,0.0,0.0,0.0,0.0,0.0,0.0,0.0,0.0,0.0,0.0
T43,0,503.30127918418464,67.37384272445253,370.22309687807495,82.62414365068128,5.192738388539101,0.40524676753227634,5.621584051724138,0.4351365967889541,18.592986850344396,207851,0.02567313713212273,0.0,0.0,0.0,0.0,0.0,0.0,0.0,0.0,0.0,0.0,0.0,0.0,0.24009303157706413,0.0,0.09231594954826013,0.017085606941586905,0.0347079345200823,0.036318096430807766,0.0,0.0016101619107254674,0.0,0.0,0.0,0.0,0.5411933088827265,0.0016101619107254674,0.0,0.009124250827444315,0.00026836031845424457,0.0,0.0,0.0,0.0,0.0,0.0,0.0,0.0,0.0,0.0,0.0,0.0,0.0,0.0,0.0,0.0,0.0,0.0,0.0
T18,1,516.7276821192053,113.84911970164701,413.30401766004417,88.13193476485736,4.370209492635024,0.35011057020284136,4.388569251456746,0.3746816430317877,18.349933774834437,207813,0.028785871964679913,0.0,0.0,0.0,0.0,0.0,0.0,0.0,0.0,0.0,0.0,0.0,0.0,0.436644591611479,0.0,0.27938189845474615,0.029403973509933776,0.06339955849889625,0.040264900662251656,0.0,0.0046799116997792494,0.0,0.0,0.0,0.0,0.10754966887417218,0.004591611479028698,0.0,0.005121412803532009,0.00017660044150110375,0.0,0.0,0.0,0.0,0.0,0.0,0.0,0.0,0.0,0.0,0.0,0.0,0.0,0.0,0.0,0.0,0.0,0.0,0.0
T17,1,678.0386369090472,387.38126819269576,487.67722582193426,236.26508180159826,3.7388654773384764,0.5122612580150704,3.6749105553200514,0.7979637800591783,49.15310775137989,204821,0.3028557715382769,0.0,0.0,0.0,0.0,0.0,0.0,0.0,0.0,0.0,0.0,0.0,0.0,0.10271178305735541,0.0,0.09263258939284857,0.03263738900887929,0.15982721382289417,0.1365490760739141,0.0,0.0009599232061435085,0.00023998080153587713,0.0,0.0,0.0,0.1658267338612911,0.0011999040076793857,0.0,0.004559635229181665,0.0,0.0,0.0,0.0,0.0,0.0,0.0,0.0,0.0,0.0,0.0,0.0,0.0,0.0,0.0,0.0,0.0,0.0,0.0,0.0
T25,1,554.9219789757932,121.46819328228393,412.5647603433311,127.99083790460212,4.008827627388535,0.44086514625484613,4.426435557277041,0.4986519589681547,20.01870961519915,207574,0.09239078021024207,0.0,0.0,0.0,0.0,0.0,0.0,0.0,0.0,0.0,0.0,0.0,0.0,0.22731218053814253,0.35123927090365514,0.1590317291927862,0.02247082650207349,0.11322210434950333,0.023917446233966633,0.0,0.005593596296653487,9.644131545954287e-05,0.0016395023628122288,0.0017359436782717716,0.0,0.0,0.0013501784164336001,0.0,0.0,0.0,0.0,0.0,0.0,0.0,0.0,0.0,0.0,0.0,0.0,0.0,0.0,0.0,0.0,0.0,0.0,0.0,0.0,0.0,0.0
T29,1,503.37855023314967,98.72190647887577,408.05943196269607,94.72045092705787,5.491256816507001,0.510972608585435,5.104673486786018,0.4712251949632793,17.639169139465874,208054,0.026536668079694785,0.0,0.0,0.0,0.0,0.0,0.0,0.0,0.0,0.0,0.0,0.0,0.0,0.1904196693514201,0.0,0.24849512505298854,0.10877490462060195,0.14251801610852055,0.0847816871555744,0.0,0.0034760491733785504,0.001695633743111488,0.001526070368800339,0.00211954217888936,0.000423908435777872,0.16015260703688003,0.0013565069944891904,0.0,0.0,0.0,0.0,0.0,0.0,0.0,0.0,0.0,0.0,0.0,0.0,0.0,0.0,0.0,0.0,0.02161933022467147,0.006104281475201356,0.0,0.0,0.0,0.0
T46,1,486.42245454545457,64.38460800778368,353.3196363636364,74.24798064053793,4.576894307452561,0.3761902732213383,4.749601449275363,0.41055091897046053,18.879363636363635,207673,0.08245454545454546,0.0,0.0,0.0,0.0,0.0,0.0,0.0,0.0,0.0,0.0,0.0,0.0,0.23545454545454544,0.527090909090909,0.059454545454545454,0.019090909090909092,0.027636363636363636,0.044454545454545455,0.0,0.0019090909090909091,0.0001818181818181818,0.0,0.0003636363636363636,0.0,0.0,0.0019090909090909091,0.0,0.0,0.0,0.0,0.0,0.0,0.0,0.0,0.0,0.0,0.0,0.0,0.0,0.0,0.0,0.0,0.0,0.0,0.0,0.0,0.0,0.0
T50,0,530.957753735188,82.28166039385327,411.1213292117465,92.66858058452361,5.488347910592808,0.3751230352359009,5.630780197673402,0.3957887838573596,17.866391894212605,208072,0.06285419886656363,0.0,0.0,0.0,0.0,0.0,0.0,0.0,0.0,0.0,0.0,0.0,0.0,0.3250901597114889,0.16194401511248496,0.0,0.08114374034003091,0.32878241456294005,0.015971148892323546,0.0,0.0,0.00858663918942126,0.0,0.0,0.0,0.0,0.010303967027305513,0.0040357204190279924,0.0,0.0,0.001287995878413189,0.0,0.0,0.0,0.0,0.0,0.0,0.0,0.0,0.0,0.0,0.0,0.0,0.0,0.0,0.0,0.0,0.0,0.0
T15,1,491.1137847750246,85.16680572522593,383.0593076303784,93.65348132470564,5.159137994143484,0.3782952566076562,5.070929767103348,0.39693183427954715,18.597906789516056,207906,0.04168530279989265,0.0,0.0,0.0,0.0,0.0,0.0,0.0,0.0,0.0,0.0,0.0,0.0,0.0,0.0,0.0,0.016906700062617408,0.08023973521781913,0.08435459343411754,0.0,0.0,0.00044726719742374093,0.0,0.0,0.0,0.0,0.004293765095267913,0.0,0.0,0.0,0.0,0.0,0.0,0.0,0.0,0.0,0.0,0.0,0.0,0.0,0.0,0.0,0.0,0.0,0.0,0.4636371768494499,0.1828428303068253,0.11628947133017264,0.009303157706413812
T61,0,499.90984427647754,59.52568038505412,415.6247154175394,116.95229923433027,5.189266611141957,0.40669876847930353,5.440906770045387,0.4015136142380041,18.9263272925963,207830,0.0,0.0,0.0,0.0,0.0,0.0,0.0,0.0,0.0,0.0,0.0,0.0,0.0,0.0,0.0,0.0,0.0,0.0,0.0,0.0,0.0,0.0,0.0,0.0,0.0,0.0,0.0,0.0,0.0,0.0,0.0,0.0,0.0,0.0,0.0,0.0,0.0,0.0,0.0,0.0,0.0,0.0,0.0,0.0,0.0,0.0,0.0,0.0,0.0
T12,0,371.4432904714804,53.567681443639586,149.19930761622157,70.28705352468144,4.820807705026455,0.4906484567598959,5.019246081787065,0.4875050776823841,17.170870425321464,208317,0.043356412792614575,0.0,0.0,0.0,0.0,0.0,0.0,0.0,0.0,0.0,0.0,0.0,0.0,0.0,0.0,0.0,0.0027200791295746785,0.003297065611605671,0.9468348170128585,0.0,0.0,0.0,0.0,0.0,0.0,0.0,0.0,0.0,0.0,0.0,0.0,0.0,0.0,0.0,0.0,0.0,0.0,0.0,0.0,0.0,0.0,0.0,0.0,0.0,0.0,0.0019782393669634025,0.001483679525222552,0.0002472799208704253,8.242664029014178e-05
