Paciente,Grupo,Perc_AOI_Olhos_Feliz,Perc_AOI_Nariz_Feliz,Perc_AOI_Boca_Feliz,Perc_AOI_Fora_Feliz,GazeX_Std_Feliz,GazeX_Var_Feliz,GazeY_Std_Feliz,GazeY_Var_Feliz,Distancia_Total_Feliz,Velocidade_Media_Feliz,Velocidade_Std_Feliz,Pupila_Media_Feliz,Pupila_Std_Feliz,PrimFix_Olhos_Perc_Feliz,PrimFix_Nariz_Perc_Feliz,PrimFix_Boca_Perc_Feliz,PrimFix_Fora_Perc_Feliz,PrimFix_Latencia_Olhos_ms_Feliz,Scan_N_Fix_Feliz,Scan_Duracao_Media_Fix_ms_Feliz,Perc_AOI_Olhos_Neutro,Perc_AOI_Nariz_Neutro,Perc_AOI_Boca_Neutro,Perc_AOI_Fora_Neutro,GazeX_Std_Neutro,GazeX_Var_Neutro,GazeY_Std_Neutro,GazeY_Var_Neutro,Distancia_Total_Neutro,Velocidade_Media_Neutro,Velocidade_Std_Neutro,Pupila_Media_Neutro,Pupila_Std_Neutro,PrimFix_Olhos_Perc_Neutro,PrimFix_Nariz_Perc_Neutro,PrimFix_Boca_Perc_Neutro,PrimFix_Fora_Perc_Neutro,PrimFix_Latencia_Olhos_ms_Neutro,Scan_N_Fix_Neutro,Scan_Duracao_Media_Fix_ms_Neutro,Perc_AOI_Olhos_Raiva,Perc_AOI_Nariz_Raiva,Perc_AOI_Boca_Raiva,Perc_AOI_Fora_Raiva,GazeX_Std_Raiva,GazeX_Var_Raiva,GazeY_Std_Raiva,GazeY_Var_Raiva,Distancia_Total_Raiva,Velocidade_Media_Raiva,Velocidade_Std_Raiva,Pupila_Media_Raiva,Pupila_Std_Raiva,PrimFix_Olhos_Perc_Raiva,PrimFix_Nariz_Perc_Raiva,PrimFix_Boca_Perc_Raiva,PrimFix_Fora_Perc_Raiva,PrimFix_Latencia_Olhos_ms_Raiva,Scan_N_Fix_Raiva,Scan_Duracao_Media_Fix_ms_Raiva,Perc_AOI_Olhos_Delta_FelizRaiva,Perc_AOI_Nariz_Delta_FelizRaiva,Perc_AOI_Boca_Delta_FelizRaiva,Perc_AOI_Fora_Delta_FelizRaiva,GazeX_Std_Delta_FelizRaiva,GazeX_Var_Delta_FelizRaiva,GazeY_Std_Delta_FelizRaiva,GazeY_Var_Delta_FelizRaiva,Distancia_Total_Delta_FelizRaiva,Velocidade_Media_Delta_FelizRaiva,Velocidade_Std_Delta_FelizRaiva,Pupila_Media_Delta_FelizRaiva,Pupila_Std_Delta_FelizRaiva,PrimFix_Olhos_Perc_Delta_FelizRaiva,PrimFix_Nariz_Perc_Delta_FelizRaiva,PrimFix_Boca_Perc_Delta_FelizRaiva,PrimFix_Fora_Perc_Delta_FelizRaiva,PrimFix_Latencia_Olhos_ms_Delta_FelizRaiva,Scan_N_Fix_Delta_FelizRaiva,Scan_Duracao_Media_Fix_ms_Delta_FelizRaiva,Perc_AOI_Olhos_Delta_NeutroRaiva,Perc_AOI_Nariz_Delta_NeutroRaiva,Perc_AOI_Boca_Delta_NeutroRaiva,Perc_AOI_Fora_Delta_NeutroRaiva,GazeX_Std_Delta_NeutroRaiva,GazeX_Var_Delta_NeutroRaiva,GazeY_Std_Delta_NeutroRaiva,GazeY_Var_Delta_NeutroRaiva,Distancia_Total_Delta_NeutroRaiva,Velocidade_Media_Delta_NeutroRaiva,Velocidade_Std_Delta_NeutroRaiva,Pupila_Media_Delta_NeutroRaiva,Pupila_Std_Delta_NeutroRaiva,PrimFix_Olhos_Perc_Delta_NeutroRaiva,PrimFix_Nariz_Perc_Delta_NeutroRaiva,PrimFix_Boca_Perc_Delta_NeutroRaiva,PrimFix_Fora_Perc_Delta_NeutroRaiva,PrimFix_Latencia_Olhos_ms_Delta_NeutroRaiva,Scan_N_Fix_Delta_NeutroRaiva,Scan_Duracao_Media_Fix_ms_Delta_NeutroRaiva,Perc_AOI_Olhos_Delta_FelizNeutro,Perc_AOI_Nariz_Delta_FelizNeutro,Perc_AOI_Boca_Delta_FelizNeutro,Perc_AOI_Fora_Delta_FelizNeutro,GazeX_Std_Delta_FelizNeutro,GazeX_Var_Delta_FelizNeutro,GazeY_Std_Delta_FelizNeutro,GazeY_Var_Delta_FelizNeutro,Distancia_Total_Delta_FelizNeutro,Velocidade_Media_Delta_FelizNeutro,Velocidade_Std_Delta_FelizNeutro,Pupila_Media_Delta_FelizNeutro,Pupila_Std_Delta_FelizNeutro,PrimFix_Olhos_Perc_Delta_FelizNeutro,PrimFix_Nariz_Perc_Delta_FelizNeutro,PrimFix_Boca_Perc_Delta_FelizNeutro,PrimFix_Fora_Perc_Delta_FelizNeutro,PrimFix_Latencia_Olhos_ms_Delta_FelizNeutro,Scan_N_Fix_Delta_FelizNeutro,Scan_Duracao_Media_Fix_ms_Delta_FelizNeutro
T28 TEA GRAVE,TEA,5.974395448079658,10.953058321479373,1.7069701280227598,44.38122332859175,249.37411640287186,62187.44993171309,259.31622810223297,67244.90615716932,169965.15759693953,241.771205685547,262.6808586648611,0.5705120910384068,1.6827962313342129,10.0,0.0,10.0,80.0,394.2857142857143,5,1.0,8.073394495412845,6.422018348623854,12.293577981651376,32.6605504587156,260.20785236059527,67708.12643011333,239.1027456899903,57170.12299649217,184393.89084211446,338.33741438920083,307.3514877597823,-0.17554678899082568,1.0061038175301185,10.0,0.0,20.0,70.0,646.4285714285714,0,0.0,12.776831345826235,6.814310051107325,5.110732538330494,31.3458262350937,243.10985814183874,59102.40312574496,221.46487431097393,49046.69055357548,184438.8012112396,314.205794226984,263.33366232189053,-0.048777683134582625,1.0110130949801017,0.0,0.0,20.0,80.0,779.4285714285714,1,1.0,-6.802435897746577,4.138748270372048,-3.403762410307734,13.035397093498052,6.26425826103312,3085.04680596813,37.851353791259044,18198.21560359384,-14473.643614300061,-72.434588541437,-0.6528036570294375,0.6192897741729895,0.6717831363541111,10.0,0.0,-10.0,0.0,-385.14285714285717,4,0.0,-4.703436850413389,-0.39229170248347156,7.182845443320883,1.314724223621898,17.097994218756526,8605.723304368374,17.63787137901636,8123.432442916695,-44.91036912513664,24.131620162216848,44.01782543789176,-0.12676910585624307,-0.0049092774499832625,10.0,0.0,0.0,-10.0,-133.0,-1,-1.0,-2.098999047333187,4.5310399728555195,-10.586607853628616,11.720672869876154,-10.833735957723405,-5520.676498400244,20.213482412242683,10074.783160677143,-14428.733245174924,-96.56620870365384,-44.670629094921196,0.7460588800292325,0.6766924138040944,0.0,0.0,-10.0,10.0,-252.14285714285717,5,1.0
T26 TEA GRAVE,TEA,7.706422018348624,0.5504587155963303,0.06116207951070336,9.418960244648318,102.58480292710159,10523.641791592272,176.3473298806341,31098.380756029183,51279.04711307459,31.363331567629718,55.60047331962473,5.544929663608563,0.4543433240698886,30.0,0.0,0.0,70.0,767.0,11,1.0,27.955736750145604,0.05824111822947001,0.64065230052417,7.338380896913222,51.64960729355038,2667.681933577973,129.4181792199993,16749.06511261986,42531.162486568726,24.770624628170488,36.48584790498709,5.607267617938265,0.4459878465315185,0.0,0.0,0.0,100.0,750.75,12,1.0,16.214622641509436,1.5330188679245282,0.0,10.43632075471698,113.9205104030355,12977.882690488117,141.73589114061465,20089.062837424168,53888.27240545984,31.773745522087168,63.00222754859514,5.49357016509434,0.6814528586878025,20.0,20.0,0.0,60.0,821.5,17,1.0,-8.508200623160812,-0.9825601523281979,0.06116207951070336,-1.017360510068663,-11.335707475933901,-2454.240898895845,34.61143874001945,11009.317918605015,-2609.22529238525,-0.4104139544574501,-7.401754228970404,0.05135949851422339,-0.2271095346179139,10.0,-20.0,0.0,10.0,-54.5,-6,0.0,11.741114108636168,-1.4747777496950583,0.64065230052417,-3.097939857803759,-62.27090310948511,-10310.200756910144,-12.317711920615352,-3339.997724804307,-11357.10991889111,-7.00312089391668,-26.516379643608047,0.11369745284392518,-0.23546501215628396,-20.0,-20.0,0.0,40.0,-70.75,-5,0.0,-20.24931473179698,0.4922175973668603,-0.5794902210134666,2.080579347735096,50.93519563355121,7855.959858014299,46.929150660634804,14349.315643409322,8747.88462650586,6.59270693945923,19.114625414637644,-0.062337954329701795,0.00835547753837007,30.0,0.0,0.0,-30.0,16.25,-1,0.0
T41 CONTROLE,CONTROLE,19.633353045535188,0.2365464222353637,0.5322294500295683,10.526315789473683,175.22318503760806,30703.16457472383,151.41790313736038,22927.38139051505,44760.720700980586,26.469970846233345,52.024937283975355,4.2140479006505025,0.8059203703011236,30.0,0.0,0.0,70.0,728.6,42,1.0714285714285714,9.759036144578314,1.0843373493975903,0.6024096385542169,6.686746987951807,153.5395097150017,23574.381043523103,131.54173178235914,17303.22720030211,44878.15129930047,27.035030903193057,56.950338405066745,4.3338042168674695,0.7480274044526881,0.0,0.0,0.0,100.0,669.375,35,1.0,24.480095068330364,0.41592394533571003,0.29708853238265004,7.78371954842543,154.44958470338108,23854.674215046885,155.6529181594225,24227.83093154388,41470.038362557854,24.640545669969015,49.67293519572201,4.236586452762923,0.7946888816707353,10.0,0.0,0.0,90.0,718.6,36,1.0277777777777777,-4.846742022795176,-0.17937752310034633,0.2351409176469183,2.742596241048253,20.773600334226984,6848.490359676944,-4.235015022062129,-1300.4495410288291,3290.682338422732,1.8294251762643299,2.352002088253343,-0.022538552112420618,0.011231488630388364,20.0,0.0,0.0,-20.0,10.0,6,0.04365079365079372,-14.72105892375205,0.6684134040618803,0.3053211061715669,-1.0969725604736231,-0.910074988379364,-280.2931715237828,-24.111186377063376,-6924.603731241768,3408.1129367426183,2.3944852332240423,7.277403209344733,0.09721776410454641,-0.04666147721804714,-10.0,0.0,0.0,10.0,-49.22500000000002,-1,-0.02777777777777768,9.874316900956874,-0.8477909271622266,-0.07018018852464858,3.8395688015218763,21.683675322606348,7128.783531200726,19.876171355001247,5624.154190212939,-117.43059831988649,-0.5650600569597124,-4.92540112109139,-0.11975631621696703,0.05789296584843551,30.0,0.0,0.0,-30.0,59.22500000000002,7,0.0714285714285714
T30 TEA GRAVE,TEA,19.894598155467722,1.3175230566534915,0.8563899868247694,11.264822134387352,104.36785088221549,10892.648297772368,201.39611533629466,40560.3952725501,94410.90675523155,62.19427322479022,79.18346173894548,3.7488405797101447,0.9890010172606383,0.0,0.0,10.0,90.0,342.8,8,1.0,16.165664662658653,2.80561122244489,2.4716098864395457,22.979291917167668,130.184919186465,16948.113183586425,250.60660460553785,62803.67027191639,91794.08115701462,61.31869148765171,77.69199977886662,3.8002137608550433,1.0906943317899602,0.0,10.0,10.0,80.0,500.8,8,1.0,14.179608372721134,3.1735313977042536,2.2282241728561782,14.787305874409181,87.38503029534425,7636.143519718233,236.66724609694467,56011.38537511177,103992.59422325743,70.21782189281393,86.95966578488373,3.418494260634707,1.489603473493555,30.0,0.0,10.0,60.0,331.1,6,1.0,5.7149897827465885,-1.8560083410507622,-1.3718341860314087,-3.52248374002183,16.98282058687124,3256.5047780541354,-35.27113076065001,-15450.990102561671,-9581.687468025877,-8.023548668023707,-7.776204045938243,0.33034631907543766,-0.5006024562329168,-30.0,0.0,0.0,30.0,11.699999999999989,2,0.0,1.986056289937519,-0.3679201752593637,0.24338571358336747,8.191986042758487,42.79988889112076,9311.969663868193,13.939358508593187,6792.284896804616,-12198.513066242813,-8.899130405162218,-9.267666006017109,0.3817195002203362,-0.3989091417035948,-30.0,10.0,0.0,20.0,169.7,2,0.0,3.7289334928090696,-1.4880881657913985,-1.6152198996147762,-11.714469782780316,-25.817068304249517,-6055.464885814057,-49.2104892692432,-22243.274999366287,2616.8255982169358,0.8755817371385106,1.4914619600788654,-0.05137318114489853,-0.10169331452932195,0.0,-10.0,0.0,10.0,-158.0,0,0.0
T54 CONTROLE,CONTROLE,20.62111801242236,0.6832298136645962,0.4968944099378882,1.4285714285714286,66.79738040457461,4461.890028913448,89.9255100729991,8086.597361889063,61577.97552669593,38.24718976813412,90.31437216783492,4.854860248447205,1.2444059771214238,10.0,0.0,0.0,90.0,706.9,23,1.0434782608695652,18.758002560819463,0.7682458386683738,0.5761843790012804,1.5364916773367476,61.13175007185752,3737.0908668480515,93.08644103007484,8665.0855036456,73564.32045282444,47.09623588529093,118.141817544283,5.030342509603074,1.3073671998946041,30.0,0.0,0.0,70.0,386.22222222222223,19,1.105263157894737,18.65127582017011,0.7897934386391251,0.3645200486026731,1.4580801944106925,77.94950032934611,6076.124601594729,88.77895980423831,7881.703703922561,65506.84375492094,39.797596448919165,113.80093019315042,4.973374848116647,1.2685384639337745,20.0,0.0,0.0,80.0,527.5,21,1.0952380952380953,1.9698421922522513,-0.10656362497452887,0.13237436133521507,-0.029508765839263873,-11.152119924771497,-1614.234572681281,1.146550268760791,204.89365796650236,-3928.8682282250084,-1.550406680785045,-23.486558025315503,-0.11851459966944144,-0.024132486812350695,-10.0,0.0,0.0,10.0,179.39999999999998,2,-0.051759834368530155,0.1067267406493535,-0.021547599970751286,0.21166433039860727,0.07841148292605515,-16.81775025748859,-2339.0337347466775,4.307481225836526,783.381799723039,8057.476697903498,7.298639436371765,4.340887351132579,0.056967661486426735,0.0388287359608297,10.0,0.0,0.0,-10.0,-141.27777777777777,-2,0.010025062656641603,1.8631154516028978,-0.08501602500377758,-0.0792899690633922,-0.10792024876531903,5.665630332717093,724.7991620653966,-3.1609309570757347,-578.4881417565366,-11986.344926128506,-8.84904611715681,-27.827445376448082,-0.17548226115586818,-0.06296122277318039,-20.0,0.0,0.0,20.0,320.67777777777775,4,-0.06178489702517176
T56 CONTROLE,CONTROLE,35.26708788052843,0.2871912693854107,0.05743825387708214,0.34462952326249285,54.89187405753946,3013.1178375487734,73.77587498347992,5442.87972957806,40090.45958836283,23.02725995885286,46.61218432041185,4.883222286042503,0.7287865339417099,20.0,0.0,0.0,80.0,169.6,33,1.0,39.02578796561605,0.6303724928366762,0.05730659025787965,0.40114613180515757,54.189153807700066,2936.4643903945744,79.22926160887074,6277.275895086879,38454.264386626055,22.036827728725534,38.27094377949859,5.061627507163324,0.4689931497071998,30.0,0.0,0.0,70.0,186.2,17,1.0588235294117647,48.952270081490106,0.5238649592549476,0.3492433061699651,0.8149010477299184,46.04280360897153,2119.939764174322,75.33195664504943,5674.903691971607,39599.831020779275,23.049959849114828,31.707672889347098,5.019266589057042,0.5621151117829043,40.0,0.0,0.0,60.0,299.4,24,1.0,-13.685182200961677,-0.2366736898695369,-0.29180505229288295,-0.4702715244674256,8.849070448567929,893.1780733744513,-1.5560816615695074,-232.02396239354766,490.6285675835534,-0.022699890261968392,14.904511431064751,-0.13604430301453885,0.1666714221588056,-20.0,0.0,0.0,20.0,-129.79999999999998,9,0.0,-9.926482115874059,0.1065075335817286,-0.2919367159120854,-0.4137549159247609,8.146350198728534,816.5246262202522,3.8973049638213126,602.372203115272,-1145.5666341532196,-1.0131321203892938,6.56327089015149,0.042360918106282064,-0.0931219620757045,-10.0,0.0,0.0,10.0,-113.19999999999999,-7,0.05882352941176472,-3.758700085087618,-0.3431812234512655,0.00013166361920248504,-0.056516608542664715,0.7027202498393947,76.65344715419906,-5.45338662539082,-834.3961655088196,1636.195201736773,0.9904322301273254,8.341240540913262,-0.1784052211208209,0.2597933842345101,-10.0,0.0,0.0,10.0,-16.599999999999994,16,-0.05882352941176472
T55 CONTROLE,CONTROLE,9.05300774270399,1.0720667063728408,2.2632519356759975,3.633114949374628,29.830969337762244,889.8867316305111,130.86471947107856,17125.574802244086,120491.33198471836,71.76374745962976,108.74941255954738,4.2182817153067305,0.5359495643135447,0.0,0.0,10.0,90.0,464.2,5,1.0,12.32876712328767,1.1911852293031566,2.20369267421084,1.6081000595592614,32.5716473561639,1060.9122114942986,130.60250089506374,17057.013240045122,130568.37876023343,77.76556209662503,109.48604777109642,4.308237045860632,0.615798672101868,20.0,0.0,0.0,80.0,264.4,6,1.0,7.5650118203309695,1.5957446808510638,1.773049645390071,1.6548463356973995,35.20057124152643,1239.0802157297778,122.49952250956795,15006.133015072144,115682.82872910616,68.37046615195399,106.12261542963624,4.303679078014185,0.5120780547965663,10.0,10.0,0.0,80.0,279.0,10,1.0,1.4879959223730204,-0.523677974478223,0.49020229028592643,1.9782686136772287,-5.369601903764188,-349.1934840992667,8.365196961510605,2119.4417871719415,4808.503255612202,3.393281307675764,2.6267971299111395,-0.08539736270745468,0.023871509516978362,-10.0,-10.0,10.0,10.0,185.2,-5,0.0,4.763755302956701,-0.4045594515479072,0.43064302882076877,-0.04674627613813809,-2.628923885362532,-178.1680042354792,8.102978385495788,2050.880224972978,14885.550031127277,9.395095944671041,3.3634323414601823,0.004557967846446687,0.10372061730530169,10.0,-10.0,0.0,0.0,-14.600000000000023,-4,0.0,-3.275759380583681,-0.11911852293031577,0.059559261465157665,2.025014889815367,-2.740678018401656,-171.0254798637875,0.262218576014817,68.56156219896366,-10077.046775515075,-6.001814636995277,-0.7366352115490429,-0.08995533055390137,-0.07984910778832333,-20.0,0.0,10.0,10.0,199.8,-1,0.0
T27 TEA LEVE,TEA,23.733984136668703,0.8541793776693106,0.24405125076266015,9.701037217815742,104.07282279668676,10831.152444870564,151.88938916568463,23070.386541124793,42056.265324423875,25.65971038707985,50.616374281740484,4.536101281269066,1.3430931345227033,30.0,10.0,0.0,60.0,319.6,27,1.0,18.299881936245573,0.1770956316410862,0.05903187721369539,11.80637544273908,72.03932624851369,5189.664526339794,171.68217257451187,29474.768379904475,37240.05534089531,21.983503743149534,43.08456844176979,4.804474616292797,1.053105491795982,20.0,0.0,0.0,80.0,308.6666666666667,31,1.064516129032258,30.424387328153017,0.059772863120143446,0.11954572624028689,9.563658099222954,134.0377012169572,17966.105347526292,145.35215626707338,21127.249331487717,41814.24577265993,24.99357189041239,48.696757468451416,4.365663478780633,1.2819288961171333,30.0,0.0,0.0,70.0,254.7,30,1.0,-6.6904031914843145,0.7944065145491672,0.12450552452237326,0.13737911859278817,-29.964878420270438,-7134.952902655728,6.537232898611251,1943.137209637076,242.01955176394404,0.666138496667461,1.9196168132890676,0.17043780248843277,0.06116423840556995,0.0,10.0,0.0,-10.0,64.90000000000003,-3,0.0,-12.124505391907444,0.11732276852094274,-0.0605138490265915,2.2427173435161265,-61.998374968443514,-12776.440821186497,26.330016307438484,8347.519048416758,-4574.190431764619,-3.0100681472628565,-5.612189026681627,0.4388111375121637,-0.22882340432115145,-10.0,0.0,0.0,10.0,53.9666666666667,1,0.06451612903225801,5.43410220042313,0.6770837460282244,0.18501937354896475,-2.1053382249233383,32.033496548173076,5641.48791853077,-19.792783408827233,-6404.381838779682,4816.209983528563,3.6762066439303176,7.531805839970694,-0.26837333502373095,0.2899876427267214,10.0,10.0,0.0,-20.0,10.933333333333337,-4,-0.06451612903225801
T57 CONTROLE,CONTROLE,30.620608899297423,0.0585480093676815,0.0585480093676815,1.288056206088993,33.78328679514259,1141.3104666828556,67.23038708111824,4519.92494707699,48661.492182677204,28.49033500156745,28.566839433088884,3.397377049180328,0.9807389193223925,20.0,0.0,0.0,80.0,580.5,14,1.0,39.19156414762742,0.05858230814294083,0.17574692442882248,1.8746338605741066,63.371314653396105,4015.923520899736,81.93764038989826,6713.776912664286,53609.52575396175,31.4056975711551,62.176338721872256,3.4061335676625664,1.0277671969970044,20.0,0.0,0.0,80.0,264.4,15,1.0666666666666667,45.955249569707405,0.0,0.17211703958691912,0.9179575444635685,53.170048694844574,2827.054078212143,61.06063585265329,3728.4012507303287,50636.16450205892,29.051155767102077,28.075917026489936,3.5214170969592655,0.9894398210376126,20.0,0.0,0.0,80.0,126.4,16,1.0,-15.334640670409982,0.0585480093676815,-0.11356903021923762,0.3700986616254246,-19.386761899701987,-1685.7436115292874,6.169751228464946,791.5236963466614,-1974.672319381716,-0.5608207655346291,0.4909224065989477,-0.12404004777893762,-0.008700901715220088,0.0,0.0,0.0,0.0,454.1,-2,0.0,-6.763685422079988,0.05858230814294083,0.0036298848419033525,0.9566763161105382,10.20126595855153,1188.8694426875932,20.87700453724497,2985.3756619339574,2973.361251902832,2.354541804053021,34.10042169538232,-0.11528352929669916,0.03832737595939173,0.0,0.0,0.0,0.0,137.99999999999997,-1,0.06666666666666665,-8.570955248329994,-3.4298775259331005e-05,-0.11719891506114097,-0.5865776544851136,-29.58802785825352,-2874.6130542168803,-14.707253308780025,-2193.851965587296,-4948.033571284548,-2.91536256958765,-33.60949928878337,-0.008756518482238462,-0.04702827767461182,0.0,0.0,0.0,0.0,316.1,-1,-0.06666666666666665
T40 TEA GRAVE,TEA,20.30338389731622,0.29171528588098017,0.1750291715285881,3.208868144690782,109.09736346729667,11902.23471551544,47.44754374386326,2251.269407325817,31578.089322255815,18.423622708433964,34.30343630381044,3.636983663943991,0.4045580607093063,20.0,0.0,0.0,80.0,233.0,31,1.0,28.88759464181712,2.03843913803145,0.05824111822947001,4.25160163075131,122.06298035199437,14899.371172411364,66.13826233445751,4374.269744621521,37808.20773803531,22.01992296915277,39.91230318116672,3.580564938846826,0.4528048124088663,40.0,0.0,0.0,60.0,212.8,33,1.0,33.44867358708189,1.9607843137254901,0.17301038062283738,7.612456747404845,122.93670132067459,15113.432531608752,107.32506616990257,11518.669828373966,38610.912208896894,22.266962058187367,36.04833648941463,3.565213379469435,0.4170122005972588,60.0,0.0,0.0,40.0,271.2,25,1.0,-13.145289689765672,-1.66906902784451,0.002018790905750717,-4.403588602714063,-13.839337853377913,-3211.197816093312,-59.87752242603931,-9267.400421048149,-7032.822886641079,-3.8433393497534034,-1.7449001856041875,0.07177028447455625,-0.01245413988795252,-40.0,0.0,0.0,40.0,-38.19999999999999,6,0.0,-4.5610789452647715,0.07765482430596005,-0.11476926239336738,-3.3608551166535348,-0.8737209686802174,-214.0613591973888,-41.18680383544506,-7144.400083752445,-802.7044708615867,-0.24703908903459748,3.86396669175209,0.015351559377390966,0.03579261181160748,-20.0,0.0,0.0,20.0,-58.39999999999998,8,0.0,-8.5842107445009,-1.74672385215047,0.1167880532991181,-1.042733486060528,-12.965616884697695,-2997.1364568959234,-18.69071859059425,-2123.0003372957035,-6230.118415779492,-3.596300260718806,-5.608866877356277,0.05641872509716528,-0.04824675169956,-20.0,0.0,0.0,20.0,20.19999999999999,-2,0.0
T16 TEA LEVE,TEA,39.31232091690545,1.3180515759312321,1.5472779369627507,4.240687679083095,58.87967509392046,3466.816139165637,118.67384121216325,14083.480588049737,30158.0298734642,17.282538609435072,28.901234501181655,4.69862464183381,0.3980014213389755,40.0,0.0,0.0,60.0,153.1,62,1.032258064516129,41.58585282373075,0.22818026240730174,0.3422703936109527,0.7986309184255562,57.72377971071946,3332.034744091668,78.54910819637264,6169.9623984454565,25553.877805403485,14.57722635790273,24.339357079223262,4.648265830005705,0.602673329111917,30.0,0.0,0.0,70.0,565.6,50,1.0,44.394366197183096,0.4507042253521127,0.9014084507042254,5.690140845070422,40.871973592963066,1670.5182253838702,130.42489518818877,17010.653284850025,30170.783091006124,16.997624276623167,28.55939206914958,4.864940845070422,0.5401621268940834,40.0,10.0,0.0,50.0,309.3,49,1.0204081632653061,-5.082045280277647,0.8673473505791194,0.6458694862585254,-1.449453165987327,18.007701500957396,1796.297913781767,-11.751053976025517,-2927.1726968002877,-12.753217541925551,0.2849143328119048,0.3418424320320739,-0.16631620323661256,-0.1421607055551079,0.0,-10.0,0.0,10.0,-156.20000000000002,13,0.011849901250822859,-2.8085133734523495,-0.22252396294481094,-0.5591380570932727,-4.891509926644866,16.851806117756396,1661.5165187077978,-51.87578699181613,-10840.690886404569,-4616.905285602639,-2.420397918720438,-4.220034989926319,-0.21667501506471698,0.06251120221783357,-10.0,-10.0,0.0,20.0,256.3,1,-0.020408163265306145,-2.2735319068252977,1.0898713135239304,1.205007543351798,3.4420567606575387,1.155895383200999,134.78139507396918,40.12473301579061,7913.51818960428,4604.152068060714,2.7053122515323427,4.561877421958393,0.05035881182810442,-0.20467190777294147,10.0,0.0,0.0,-10.0,-412.5,12,0.032258064516129004
T20 TEA MODERADO,TEA,15.981432360742707,0.5305039787798408,0.7294429708222812,5.371352785145889,117.85694333184252,13890.259091525139,110.63730445435662,12240.613136926,46454.62961115847,30.80545730182922,45.65476527079909,3.285417771883289,0.8631631681283364,10.0,0.0,0.0,90.0,274.5,17,1.0588235294117647,18.874643874643873,1.1396011396011396,1.3532763532763532,4.05982905982906,67.82823167059932,4600.669011560493,134.47320245552442,18083.04217864446,43306.859270209854,30.84534136054833,45.43117375226293,3.3131445868945866,0.845129875112795,20.0,0.0,20.0,60.0,349.3333333333333,17,1.0,15.846994535519126,0.6830601092896175,0.4098360655737705,6.352459016393443,127.42196544835643,16236.357278722142,112.40588456208656,12635.082884185129,44326.70838008787,30.27780627055182,47.91523552758574,3.3200102459016385,0.8139107867959633,0.0,0.0,10.0,90.0,557.3,20,1.0,0.13443782522358028,-0.15255613050977668,0.31960690524851065,-0.981106231247554,-9.565022116513916,-2346.0981871970034,-1.7685801077299317,-394.4697472591288,2127.921231070599,0.5276510312774008,-2.260470256786654,-0.03459247401834942,0.049252381332373085,10.0,0.0,-10.0,0.0,-282.79999999999995,-3,0.05882352941176472,3.0276493391247463,0.45654103031152216,0.9434402877025827,-2.292629956564383,-59.59373377775711,-11635.688267161648,22.06731789343786,5447.959294459331,-1019.8491098780141,0.5675350899965075,-2.4840617753228145,-0.0068656590070519385,0.031219088316831733,20.0,0.0,10.0,-30.0,-207.96666666666664,-3,0.0,-2.893211513901166,-0.6090971608212988,-0.623833382454072,1.311523725316829,50.02871166124319,9289.590079964644,-23.83589800116779,-5842.42904171846,3147.770340948613,-0.03988405871910672,0.22359151853616055,-0.02772681501129748,0.018033293015541352,-10.0,0.0,-20.0,30.0,-74.83333333333331,0,0.05882352941176472
T18 TEA MODERADO,TEA,52.93447293447293,0.2279202279202279,0.0,1.8803418803418803,109.4239557682982,11973.602095982482,64.48350621704137,4158.122574043213,52667.12819870659,30.00975965738267,130.65653037136835,3.7671282051282047,0.8850328947090781,40.0,0.0,0.0,60.0,90.66666666666667,54,1.037037037037037,41.52785755313039,0.17231476163124643,0.2871912693854107,1.7805858701895463,115.20680704978562,13272.608390606536,75.9695215744879,5771.368208256582,55169.24328278446,31.68825001883082,138.52980140290123,3.9391183228029862,0.9511768335857895,60.0,0.0,0.0,40.0,351.0,48,1.0208333333333333,54.5662100456621,0.05707762557077625,0.05707762557077625,0.5707762557077625,89.85379474359183,8073.704429823531,62.60041825108477,3918.812365210747,45254.08945338185,25.82995973366544,115.44542815857132,3.9554965753424662,0.908108648836804,70.0,0.0,0.0,30.0,163.1,39,1.0256410256410255,-1.6317371111891745,0.17084260234945164,-0.05707762557077625,1.3095656246341179,19.570161024706366,3899.8976661589504,1.883087965956598,239.31020883246583,7413.038745324739,4.17979992371723,15.21110221279703,-0.18836837021426156,-0.02307575412772589,-30.0,0.0,0.0,30.0,-72.43333333333332,15,0.01139601139601143,-13.038352492531715,0.11523713606047017,0.23011364381463442,1.2098096144817838,25.35301230619379,5198.903960783005,13.369103323403131,1852.555843045835,9915.15382940261,5.858290285165381,23.08437324432991,-0.016378252539479998,0.04306818474898555,-10.0,0.0,0.0,10.0,187.9,9,-0.004807692307692291,11.40661538134254,0.05560546628898147,-0.2871912693854107,0.09975601015233404,-5.7828512814874244,-1299.0062946240541,-11.486015357446533,-1613.2456342133692,-2502.115084077872,-1.6784903614481514,-7.87327103153288,-0.17199011767478156,-0.06614393887671144,-20.0,0.0,0.0,20.0,-260.3333333333333,6,0.01620370370370372
T43 CONTROLE,CONTROLE,8.791866028708133,0.0,0.17942583732057416,3.1698564593301435,68.55072703024322,4699.202176374918,77.53571935146205,6011.787775348687,40503.43719067199,24.22454377432535,47.2400297902155,5.132296650717704,0.3939307892299329,20.0,0.0,0.0,80.0,508.57142857142856,28,1.0357142857142858,5.7846153846153845,0.12307692307692308,0.24615384615384617,4.369230769230769,95.1118136703268,9046.257099658964,89.52956341073524,8015.542724516862,48314.69225484485,29.732118310673755,64.77693276398496,5.142981538461538,0.5231065900799474,20.0,0.0,0.0,80.0,646.625,18,1.0,21.976047904191617,0.059880239520958084,0.11976047904191617,0.8383233532934131,61.0347368434178,3725.2391015452617,76.1911546385062,5805.092045148766,43679.38706841556,26.15532159785363,52.38660946106286,5.293760479041916,0.5772049365352873,10.0,0.0,0.0,90.0,916.5,37,1.027027027027027,-13.184181875483484,-0.059880239520958084,0.05966535827865799,2.3315331060367304,7.515990186825427,973.9630748296563,1.3445647129558438,206.69573019992094,-3175.949877743573,-1.9307778235282775,-5.146579670847359,-0.16146382832421224,-0.18327414730535435,10.0,0.0,0.0,-10.0,-407.92857142857144,-9,0.008687258687258836,-16.19143251957623,0.063196683555965,0.12639336711193,3.5309074159373557,34.077076826909,5321.017998113703,13.33840877222903,2210.4506793680957,4635.305186429287,3.5767967128201263,12.390323302922098,-0.15077894058037788,-0.05409834645533984,10.0,0.0,0.0,-10.0,-269.875,-19,-0.027027027027026973,3.007250644092749,-0.12307692307692308,-0.06672800883327201,-1.1993743099006253,-26.561086640083573,-4347.054923284046,-11.993844059273187,-2003.7549491681748,-7811.255064172859,-5.507574536348404,-17.536902973769458,-0.01068488774383436,-0.1291758008500145,0.0,0.0,0.0,0.0,-138.05357142857144,10,0.03571428571428581
T58 CONTROLE,CONTROLE,19.182746878547103,0.9648127128263337,0.39727582292849034,1.70261066969353,52.417657781232236,2747.6108472703763,85.44368642925964,7300.623550621649,81483.00971527693,46.244613913324024,52.71394133568638,5.631918274687855,0.8832354684941651,20.0,0.0,10.0,70.0,262.44444444444446,4,1.0,24.81586402266289,1.189801699716714,0.39660056657223797,3.059490084985836,64.93950032855312,4217.1387029221505,92.9367801853859,8637.245111226737,93066.70766664832,52.72901284229366,73.12345653643804,5.7487592067988675,0.8084362907511341,30.0,0.0,0.0,70.0,103.0,8,1.0,27.712264150943394,0.6485849056603774,0.4716981132075472,4.304245283018868,98.93578087495898,9788.288737337898,107.79287453754002,11619.303801065842,87848.02911646746,51.79718697904921,70.173616175501,5.591500589622641,1.0980550802631386,30.0,0.0,0.0,70.0,217.9,7,1.0,-8.52951727239629,0.31622780716595633,-0.07442229027905684,-2.601634613325338,-46.51812309372674,-7040.677890067522,-22.349188108280373,-4318.680250444193,-6365.019401190526,-5.552573065725184,-17.459674839814618,0.04041768506521404,-0.21481961176897346,-10.0,0.0,10.0,0.0,44.54444444444445,-3,0.0,-2.8964001282805043,0.5412167940563366,-0.07509754663530921,-1.2447551980330318,-33.996280546405856,-5571.1500344157475,-14.856094352154116,-2982.0586898391048,5218.678550180863,0.9318258632444554,2.9498403609370456,0.15725861717622625,-0.2896187895120045,0.0,0.0,0.0,0.0,-114.9,1,0.0,-5.633117144115786,-0.22498898689038027,0.0006752563562523739,-1.356879415292306,-12.521842547320887,-1469.5278556517742,-7.493093756126257,-1336.6215606050882,-11583.697951371389,-6.4843989289696395,-20.409515200751663,-0.11684093211101221,0.07479917774303102,-10.0,0.0,10.0,0.0,159.44444444444446,-4,0.0
T32 TEA LEVE,TEA,7.701421800947868,1.8364928909952605,0.4146919431279621,0.5924170616113744,51.046050730096454,2605.699295139581,80.77223366137179,6524.153730647241,39527.48269263774,23.41675514966691,57.079217906667864,5.492656990521328,0.6492890226793077,40.0,0.0,0.0,60.0,600.3,50,1.06,12.313860252004583,0.3436426116838488,0.5154639175257731,1.8900343642611683,53.2863232172541,2839.432242013673,77.96434481869075,6078.4390630077105,33983.142155527676,19.46342620591505,42.02025449947932,5.563745704467355,0.5355401381733383,10.0,0.0,0.0,90.0,840.1,45,1.0444444444444445,16.461628588166374,0.6444053895723492,0.6444053895723492,2.987697715289982,48.70797412871273,2372.4667437233484,84.39586344827754,7122.661767180308,36574.40207333641,21.426128924040075,47.38795105253253,5.625395430579965,0.5899378323221011,0.0,0.0,0.0,100.0,861.4444444444445,47,1.0425531914893618,-8.760206787218506,1.1920875014229113,-0.22971344644438707,-2.3952806536786078,2.338076601383726,233.23255141623258,-3.6236297869057523,-598.5080365330668,2953.080619301334,1.9906262256268334,9.691266854135336,-0.13273844005863644,0.059351190357206596,40.0,0.0,0.0,-40.0,-261.1444444444445,3,0.01744680851063829,-4.147768336161791,-0.30076277788850037,-0.12894147204657602,-1.0976633510288138,4.578349088541373,466.96549829032483,-6.43151862958679,-1044.2227041725973,-2591.259917808733,-1.9627027181250263,-5.367696553053207,-0.061649726112610104,-0.05439769414876272,10.0,0.0,0.0,-10.0,-21.344444444444434,-2,0.001891252955082745,-4.612438451056715,1.4928502793114116,-0.10077197439781105,-1.297617302649794,-2.2402724871576467,-233.73294687409225,2.807888842681038,445.7146676395305,5544.340537110067,3.9533289437518597,15.058963407188543,-0.07108871394602634,0.11374888450596932,30.0,0.0,0.0,-30.0,-239.80000000000007,5,0.015555555555555545
T37 CONTROLE,CONTROLE,37.32311320754717,0.9433962264150944,0.2358490566037736,7.370283018867925,45.09330598638894,2033.4062447821004,148.758718157078,22129.156227736963,31351.46336711917,18.485532645707057,32.77628198903046,3.1830218160377357,1.277858179516572,20.0,0.0,0.0,80.0,334.6666666666667,60,1.0666666666666667,34.38395415472779,0.0,0.0,1.2034383954154728,52.815151478316885,2789.4402256775584,60.931634392062456,3712.6640696879685,23043.651766439023,13.205531098245858,24.571223705645114,3.700277936962751,0.22001634139758794,30.0,0.0,0.0,70.0,547.4,77,1.0389610389610389,37.87085514834206,0.058173356602675974,0.11634671320535195,1.3379872018615475,49.57848307126592,2458.0259836478012,62.29922424955695,3881.1933420965843,26646.46052096301,15.501140500851083,33.09926573342779,3.6314514252472367,0.323981931629101,20.0,0.0,0.0,80.0,527.4,51,1.0196078431372548,-0.5477419407948858,0.8852228698124184,0.11950234339842164,6.032295817006377,-4.48517708487698,-424.6197388657008,86.45949390752105,18247.96288564038,4705.00284615616,2.984392144855974,-0.3229837443973338,-0.44842960920950103,0.9538762478874709,0.0,0.0,0.0,0.0,-192.7333333333333,9,0.04705882352941182,-3.4869009936142703,-0.058173356602675974,-0.11634671320535195,-0.1345488064460747,3.2366684070509635,331.41424202975713,-1.3675898574944938,-168.52927240861572,-3602.808754523987,-2.2956094026052245,-8.528042027782679,0.06882651171551446,-0.10396559023151306,10.0,0.0,0.0,-10.0,20.0,26,0.01935319582378403,2.9391590528193845,0.9433962264150944,0.2358490566037736,6.166844623452452,-7.721845491927944,-756.033980895458,87.82708376501554,18416.492158048994,8307.811600680147,5.2800015474611985,8.205058283385345,-0.5172561209250155,1.057841838118984,-10.0,0.0,0.0,10.0,-212.7333333333333,-17,0.02770562770562779
T44 CONTROLE,CONTROLE,7.537091988130563,0.7121661721068249,1.1275964391691393,1.0089020771513353,60.67369486874493,3681.2972490255647,89.84724056899229,8072.526637862375,41297.14001844561,24.50868843824665,55.02075975031553,3.965439169139466,1.3226151228051732,0.0,0.0,10.0,90.0,657.2,44,1.0681818181818181,12.5374925014997,0.11997600479904018,0.5398920215956808,1.6796640671865628,74.30566955954532,5521.33252869234,96.47239255589598,9306.922525458895,38346.84352595778,23.00350541449177,48.99477626884146,3.981646670665867,1.2636588211934283,20.0,0.0,0.0,80.0,608.9,39,1.0256410256410255,11.626506024096384,0.18072289156626506,0.6626506024096386,1.3253012048192772,56.32493371100246,3172.498157548821,106.93385332487571,11434.848986906034,41494.06001626982,24.996421696548083,62.03036928506566,4.153280120481928,1.225938942109015,10.0,0.0,0.0,90.0,798.5,44,1.0681818181818181,-4.089414035965821,0.5314432805405598,0.46494583675950074,-0.31639912766794187,4.348761157742473,508.7990914767438,-17.086612755883422,-3362.3223490436594,-196.91999782421044,-0.4877332583014322,-7.009609534750133,-0.18784095134246215,0.09667618069615824,-10.0,0.0,10.0,0.0,-141.29999999999995,0,0.0,0.9109864774033163,-0.06074688676722488,-0.12275858081395774,0.35436286236728565,17.980735848542864,2348.834371143519,-10.461460768979734,-2127.9264614471394,-3147.2164903120356,-1.9929162820563135,-13.035593016224198,-0.1716334498160612,0.03771987908441332,10.0,0.0,0.0,-10.0,-189.60000000000002,-5,-0.04254079254079257,-5.000400513369137,0.5921901673077847,0.5877044175734585,-0.6707619900352275,-13.63197469080039,-1840.0352796667753,-6.625151986903688,-1234.39588759652,2950.296492487825,1.5051830237548813,6.025983481474064,-0.016207501526400936,0.05895630161174492,-20.0,0.0,10.0,10.0,48.30000000000007,5,0.04254079254079257
T49 CONTROLE,CONTROLE,8.376362593230063,0.17211703958691912,0.0,0.6884681583476765,54.276432560064464,2945.931131447226,64.36577118962296,4142.9525008348965,37254.09887069093,21.373550700339027,46.58898026448819,4.942151462994836,0.5978620213423725,10.0,0.0,0.0,90.0,996.0,38,1.0263157894736843,2.5743707093821513,0.057208237986270026,0.057208237986270026,1.1441647597254003,52.485323938193766,2754.7092288971357,60.19612260033799,3623.5731761149223,40162.62835071659,22.976332008419103,49.48319701557481,5.004782608695653,0.6309487669628517,0.0,0.0,0.0,100.0,601.6666666666666,29,1.0,9.965237543453071,0.0,0.0,2.4913093858632678,67.72607800592215,4586.821642064251,95.66859341796003,9152.479766570943,39728.694504938445,23.017783606569203,51.57721947939235,4.88710023174971,0.7905834615383232,10.0,0.0,0.0,90.0,1004.6,29,1.1379310344827587,-1.5888749502230084,0.17211703958691912,0.0,-1.8028412275155912,-13.449645445857684,-1640.890510617025,-31.302822228337064,-5009.5272657360465,-2474.5956342475183,-1.644232906230176,-4.988239214904155,0.0550512312451259,-0.1927214401959506,0.0,0.0,0.0,0.0,-8.600000000000023,9,-0.11161524500907438,-7.39086683407092,0.057208237986270026,0.057208237986270026,-1.3471446261378675,-15.240754067728382,-1832.1124131671154,-35.47247081762203,-5528.906590456021,433.9338457781487,-0.041451598150100466,-2.094022463817538,0.1176823769459423,-0.15963469457547141,-10.0,0.0,0.0,10.0,-402.9333333333334,0,-0.13793103448275867,5.801991883847911,0.11490880160064909,-0.057208237986270026,-0.45569660137772383,1.7911086218706984,191.22190255009036,4.169648589284968,519.3793247199742,-2908.529480025667,-1.6027813080800755,-2.894216751086617,-0.0626311457008164,-0.0330867456204792,10.0,0.0,0.0,-10.0,394.33333333333337,9,0.026315789473684292
T36 CONTROLE,CONTROLE,19.101123595505616,1.478415138971023,0.0,10.23063276167948,85.66935412701221,7339.238236539423,166.36091025799115,27675.952461867386,44311.5367421581,26.204338700270906,45.391293399686724,3.489000591366056,0.9482628655229666,30.0,10.0,0.0,60.0,399.2,31,1.032258064516129,16.519174041297934,0.058997050147492625,0.11799410029498525,8.613569321533923,80.11580080477341,6418.541538590132,156.52361746857957,24499.642825450224,40864.19898717968,24.10867196883757,42.29662382347659,3.3965752212389377,1.2058475305436083,10.0,0.0,0.0,90.0,892.8888888888889,31,1.032258064516129,27.24603640634175,0.05871990604815032,0.05871990604815032,7.046388725778038,60.89688924191589,3708.4311193421713,139.09351811434144,19347.006781424632,37692.26657372414,22.132863519509183,42.526629579290095,3.6092425132119788,0.7779934504578893,10.0,0.0,0.0,90.0,855.2,37,1.027027027027027,-8.144912810836136,1.4196952329228727,-0.05871990604815032,3.1842440359014423,24.77246488509632,3630.807117197252,27.267392143649715,8328.945680442754,6619.270168433963,4.071475180761723,2.864663820396629,-0.12024192184592275,0.1702694150650773,20.0,10.0,0.0,-30.0,-456.00000000000006,-6,0.005231037489102031,-10.726862365043818,0.0002771440993423052,0.05927419424683493,1.567180595755885,19.21891156285752,2710.110419247961,17.430099354238138,5152.636044025592,3171.9324134555427,1.9758084493283867,-0.23000575581350802,-0.21266729197304102,0.427854080085719,0.0,0.0,0.0,0.0,37.68888888888887,-6,0.005231037489102031,2.5819495542076822,1.4194180888235304,-0.11799410029498525,1.6170634401455573,5.553553322238798,920.6966979492909,9.837292789411578,3176.3096364171615,3447.33775497842,2.0956667314333366,3.094669576210137,0.09242537012711827,-0.2575846650206417,20.0,10.0,0.0,-30.0,-493.6888888888889,0,0.0
T39 CONTROLE,CONTROLE,24.55638236977676,0.9730967372638809,0.11448196908986834,1.6599885518030912,62.37840888739541,3891.0658953230904,69.85729674039395,4880.041907875455,35422.67125013305,20.2762857756915,33.64235448576532,4.3287034917000575,0.4620936581655082,50.0,0.0,0.0,50.0,625.6,28,1.0,22.792844777841893,0.0,0.1154068090017311,2.4812463935372184,57.07285870350833,3257.311200590627,80.63429202400566,6501.889050212622,35794.230315204586,20.654489506753944,29.64069324503641,4.4349336410848235,0.3931514374300383,10.0,0.0,0.0,90.0,812.875,22,1.0,27.721088435374146,0.0,0.11337868480725624,2.2108843537414966,54.54469870716607,2975.124157055524,102.7562535029745,10558.84763396756,35634.30878590213,20.2008553208062,30.810469264725068,4.448424036281179,0.4032165193059614,10.0,0.0,0.0,90.0,682.1,15,1.0,-3.164706065597386,0.9730967372638809,0.0011032842826120964,-0.5508958019384054,7.833710180229339,915.9417382675665,-32.89895676258055,-5678.805726092105,-211.63753576908493,0.07543045488529998,2.831885221040249,-0.11972054458112158,0.05887713885954676,40.0,0.0,0.0,-40.0,-56.5,13,0.0,-4.928243657532253,0.0,0.002028124194474859,0.2703620397957218,2.5281599963422607,282.18704353510293,-22.121961478968842,-4056.9585837549375,159.92152930245356,0.4536341859477453,-1.1697760196886584,-0.013490395196355642,-0.010065081875923143,0.0,0.0,0.0,0.0,130.77499999999998,7,0.0,1.7635375919348668,0.9730967372638809,-0.0009248399118627626,-0.8212578417341272,5.305550183887078,633.7546947324636,-10.776995283611711,-1621.8471423371675,-371.5590650715385,-0.3782037310624453,4.001661240728907,-0.10623014938476594,0.0689422207354699,40.0,0.0,0.0,-40.0,-187.27499999999998,6,0.0
T19 TEA MODERADO,TEA,67.70040959625511,1.6968987712112347,0.29256875365710944,1.8724400234055003,54.527580221969835,2973.2570048633556,87.02520700309532,7573.38665393159,37110.301466100354,21.714629295553163,48.179726467841704,4.063929198361614,1.1579653354276667,60.0,0.0,0.0,40.0,84.7,38,1.0263157894736843,59.462686567164184,2.626865671641791,0.6567164179104478,0.47761194029850745,53.56815781004045,2869.5475311613973,80.3248678373536,6452.084393088322,38672.76989020292,23.088220829971895,48.69428653977657,3.8052985074626866,1.33111330654246,60.0,0.0,0.0,40.0,91.5,42,1.0714285714285714,62.038664323374334,2.5776215582893967,2.401874633860574,2.519039250146456,60.27369257849768,3632.918017047246,103.50752946674294,10713.808656308656,37043.69071302098,21.701049041019907,45.16147952416378,4.30118043350908,1.2329456874677402,70.0,0.0,10.0,20.0,9.9,44,1.0454545454545454,5.661745272880779,-0.880722787078162,-2.1093058802034648,-0.6465992267409555,-5.746112356527846,-659.6610121838903,-16.48232246364762,-3140.422002377066,66.61075307937426,0.013580254533255953,3.018246943677923,-0.2372512351474656,-0.07498035204007358,-10.0,0.0,-10.0,20.0,74.8,-6,-0.019138755980861122,-2.5759777562101505,0.049244113352394425,-1.7451582159501262,-2.0414273098479483,-6.705534768457234,-763.3704858858487,-23.182661629389344,-4261.724263220334,1629.0791771819422,1.3871717889519886,3.5328070156127893,-0.49588192604639314,0.09816761907471983,-10.0,0.0,-10.0,20.0,81.6,-2,0.025974025974025983,8.23772302909093,-0.9299669004305564,-0.36414766425333833,1.3948280831069928,0.9594224119293884,103.70947370195836,6.700339165741724,1121.3022608432684,-1562.468424102568,-1.3735915344187326,-0.5145600719348664,0.25863069089892754,-0.1731479711147934,0.0,0.0,0.0,0.0,-6.799999999999997,-4,-0.045112781954887105
T25 TEA LEVE,TEA,16.720674011665587,0.19442644199611148,0.5184705119896306,2.657161373946857,91.31195377163931,8337.872901593995,91.36674382575166,8347.88187732053,39884.23335875117,25.848498612282025,43.99995172570153,3.8966461438755666,0.4911418435669131,0.0,0.0,0.0,100.0,460.7,18,1.0,19.710544452102,0.4824259131633356,0.34458993797381116,7.098552722260509,129.24506362212094,16704.28647068609,126.99905085935026,16128.758919175834,42768.91751393626,29.475477266668687,51.585554942137016,3.927315644383184,0.5408719138543466,20.0,10.0,0.0,70.0,487.4,15,1.0,22.992935131663454,0.2569043031470777,0.44958253050738595,5.716120745022479,111.56054447704162,12445.755084013981,123.21136679792514,15181.040908212848,40271.61148341512,25.864875711891536,41.139471959735815,4.032193320488118,0.5279317302757641,20.0,0.0,0.0,80.0,447.6,23,1.0,-6.272261119997868,-0.06247786115096621,0.06888798148224462,-3.0589593710756224,-20.248590705402307,-4107.882182419986,-31.844622972173482,-6833.159030892319,-387.37812466395553,-0.01637709960951028,2.8604797659657137,-0.13554717661255156,-0.03678988670885103,-20.0,0.0,0.0,20.0,13.099999999999966,-5,0.0,-3.2823906795614555,0.22552161001625792,-0.10499259253357479,1.3824319772380296,17.68451914507932,4258.531386672108,3.787684061425125,947.7180109629862,2497.30603052114,3.6106015547771513,10.446082982401201,-0.10487767610493437,0.01294018357858251,0.0,10.0,0.0,-10.0,39.799999999999955,-8,0.0,-2.9898704404364125,-0.28799947116722413,0.1738805740158194,-4.441391348313652,-37.93310985048163,-8366.413569092094,-35.63230703359861,-7780.877041855305,-2884.6841551850957,-3.6269786543866616,-7.585603216435487,-0.030669500507617187,-0.049730070287433537,-20.0,-10.0,0.0,30.0,-26.69999999999999,3,0.0
T38 CONTROLE,CONTROLE,21.546261089987325,0.3168567807351077,0.9505703422053232,8.555133079847907,60.42482650404403,3651.1596580438218,127.89903312500613,16358.162674311414,77612.20733556978,49.18390832418871,67.50400683083754,4.063475918884664,0.9672587941597977,0.0,0.0,0.0,100.0,394.2,17,1.0588235294117647,14.589041095890412,0.273972602739726,0.0684931506849315,15.479452054794521,57.16732233140488,3268.1027425427433,125.72384947463352,15806.486326720307,66591.7398345762,45.61078070861384,69.01222069665099,4.128267123287672,1.1016950662815774,10.0,0.0,0.0,90.0,816.8888888888889,11,1.0,29.555698647778495,0.0,1.159047005795235,6.5035415325177075,50.74394934889411,2574.9483955231312,130.5662759966215,17047.552427625942,85387.6164522901,54.982367322788214,88.04581862558993,4.334349645846748,1.054619881667412,40.0,0.0,0.0,60.0,336.0,16,1.0,-8.00943755779117,0.3168567807351077,-0.20847666358991168,2.0515915473302,9.680877155149915,1076.2112625206905,-2.6672428716153718,-689.3897533145282,-7775.409116720315,-5.798458998599507,-20.54181179475239,-0.2708737269620842,-0.08736108750761429,-40.0,0.0,0.0,40.0,58.19999999999999,1,0.05882352941176472,-14.966657551888083,0.273972602739726,-1.0905538551103033,8.975910522276813,6.42337298251077,693.154347019612,-4.842426521987974,-1241.0661009056348,-18795.87661771389,-9.371586614174376,-19.033597928938946,-0.20608252255907633,0.04707518461416549,-30.0,0.0,0.0,30.0,480.8888888888889,-5,0.0,6.9572199940969135,0.04288417799538169,0.8820771915203918,-6.924318974946614,3.2575041726391447,383.0569155010785,2.1751836503726025,551.6763475911066,11020.467500993575,3.573127615574869,-1.5082138658134454,-0.0647912044030079,-0.13443627212177978,-10.0,0.0,0.0,10.0,-422.6888888888889,6,0.05882352941176472
T21 TEA MODERADO,TEA,47.5,2.4166666666666665,0.5833333333333334,11.75,241.25206136646142,58202.557113566865,125.45141794545805,15738.058264525995,87157.6645876337,72.63138715636141,194.2215249838406,4.078853333333333,2.224487827621207,20.0,0.0,0.0,80.0,178.14285714285714,69,1.3043478260869565,42.64705882352941,0.29411764705882354,0.49019607843137253,19.411764705882355,275.46367811406657,75880.23796013008,172.9213706797427,29901.800437760972,117690.15611827013,115.38250599830404,232.8850159906304,3.3526946078431368,2.5837338346057814,40.0,0.0,0.0,60.0,315.875,77,1.4805194805194806,29.686242960579246,0.4022526146419952,1.1263073209975865,14.883346741753822,263.9431367237656,69665.97942358041,126.35131177638178,15964.653987612433,126008.13890937169,101.37420668493297,220.60560563707463,3.6537071600965407,2.4441923836181756,10.0,0.0,0.0,90.0,678.7,82,1.4878048780487805,17.813757039420754,2.014414052024671,-0.5429739876642531,-3.1333467417538223,-22.691075357304157,-11463.42231001355,-0.8998938309237303,-226.59572308643874,-38850.47432173799,-28.74281952857156,-26.384080653234037,0.42514617323679227,-0.2197045559969686,10.0,0.0,0.0,-10.0,-500.55714285714294,-13,-0.18345705196182394,12.960815862950167,-0.10813496758317165,-0.6361112425662139,4.528417964128533,11.520541390300991,6214.258536549663,46.570058903360916,13937.146450148539,-8317.98279110156,14.008299313371069,12.279410353555761,-0.30101255225340395,0.13954145098760584,30.0,0.0,0.0,-30.0,-362.82500000000005,-5,-0.0072853975292999085,4.852941176470587,2.122549019607843,0.09313725490196084,-7.661764705882355,-34.21161674760515,-17677.680846563213,-47.46995273428465,-14163.742173234978,-30532.491530636427,-42.75111884194263,-38.6634910067898,0.7261587254901962,-0.35924600698457443,-20.0,0.0,0.0,20.0,-137.73214285714286,-8,-0.17617165443252403
T24 TEA LEVE,TEA,6.077872744539412,0.1899335232668566,0.7597340930674265,31.62393162393162,323.16295485957306,104434.29539357044,200.32531473659225,40130.23172431474,194263.47279907475,184.48572915391713,217.79521412839713,1.9745631528964864,1.0921701105725576,20.0,0.0,0.0,80.0,506.44444444444446,3,1.0,5.249569707401033,0.0,0.17211703958691912,35.628227194492254,343.56167037040325,118034.62134770163,215.3073549551651,46357.25709778946,198817.57729604686,171.09946411019524,216.27359508714872,1.900077452667814,1.1273990185233858,10.0,0.0,0.0,90.0,853.2,1,1.0,6.61625708884688,0.5671077504725899,0.4725897920604915,36.76748582230624,339.5102165568098,115267.18714645186,190.0180320417379,36106.85250101493,189092.21685535996,178.72610288786385,205.52475467061606,1.9568100189035915,1.0882915007259395,0.0,0.0,0.0,100.0,659.8888888888889,3,1.0,-0.5383843443074685,-0.37717422720573324,0.28714430100693494,-5.14355419837462,-16.347261697236718,-10832.89175288142,10.307282694854337,4023.3792232998094,5171.255943714787,5.759626266053289,12.270459457781072,0.01775313399289491,0.003878609846618142,20.0,0.0,0.0,-20.0,-153.44444444444446,0,0.0,-1.3666873814458471,-0.5671077504725899,-0.3004727524735724,-1.1392586278139873,4.051453813593469,2767.4342012497655,25.289322913427185,10250.404596774526,9725.360440686898,-7.626638777668603,10.748840416532659,-0.056732566235777604,0.039107517797446256,10.0,0.0,0.0,-10.0,193.31111111111113,-2,0.0,0.8283030371383786,0.1899335232668566,0.5876170534805073,-4.0042955705606325,-20.398715510830186,-13600.325954131185,-14.982040218572848,-6227.025373474717,-4554.1044969721115,13.386265043721892,1.5216190412484139,0.07448570022867251,-0.035228907950828114,10.0,0.0,0.0,-10.0,-346.7555555555556,2,0.0
T48 CONTROLE,CONTROLE,11.304347826086957,0.057971014492753624,0.0,0.4057971014492754,50.997283991848136,2600.72297454521,57.32547846452152,3286.2104811863205,39522.48760402718,22.91158701682735,42.803963418161146,3.398176811594203,0.45848009459713773,10.0,0.0,0.0,90.0,878.1111111111111,31,1.0,12.67123287671233,0.05707762557077625,0.05707762557077625,4.280821917808219,59.73939878391236,3568.795767063309,79.37671668104608,6300.663151063059,38561.638136127614,22.010067429296583,36.93669816451151,3.4694549086757993,0.4585477002415272,0.0,0.0,0.0,100.0,1207.6,26,1.0,17.65039727582293,0.11350737797956867,0.056753688989784334,4.370034052213394,48.2964840029361,2332.5503670458625,80.53974269457959,6486.650153309085,36637.048255737885,20.792876422098686,28.10732637983533,3.3719920544835413,0.48023055335691794,20.0,0.0,0.0,80.0,1242.7,26,1.0,-6.346049449735972,-0.055536363486815045,-0.056753688989784334,-3.9642369507641186,2.7007999889120384,268.1726074993476,-23.21426423005807,-3200.4396721227645,2885.439348289292,2.1187105947286646,14.696637038325814,0.026184757110661483,-0.02175045875978021,-10.0,0.0,0.0,10.0,-364.58888888888896,5,0.0,-4.9791643991106,-0.056429752408792416,0.00032393658099191813,-0.08921213440517484,11.44291478097626,1236.2454000174466,-1.1630260135335106,-185.98700224602635,1924.589880389729,1.217191007197897,8.82937178467618,0.09746285419225797,-0.021682853115390754,-20.0,0.0,0.0,20.0,-35.100000000000136,0,0.0,-1.3668850506253722,0.0008933889219773714,-0.05707762557077625,-3.875024816358944,-8.742114792064221,-968.072792518099,-22.05123821652456,-3014.452669876738,960.849467899563,0.9015195875307676,5.867265253649634,-0.07127809708159649,-6.760564438945682e-05,10.0,0.0,0.0,-10.0,-329.4888888888888,5,0.0
T46 TEA LEVE,TEA,13.197026022304833,0.8054522924411399,0.24783147459727387,2.8500619578686495,55.67762522542187,3099.9979507425337,80.75093748818159,6520.71390522021,48522.079901202604,30.063246531104465,77.60919851132253,4.394745972738538,0.5570903207279257,0.0,0.0,0.0,100.0,381.0,25,1.0,9.61898813241724,0.0,0.06246096189881324,1.311680199875078,34.66954634524563,1201.9774437851345,65.65106825571692,4310.062763116802,47572.529390875854,29.7142594571367,75.8054562624257,4.479572142410993,0.5347665272794004,0.0,0.0,0.0,100.0,800.375,29,1.0689655172413792,17.99373040752351,0.12539184952978058,0.06269592476489029,1.9435736677115987,51.387371129838094,2640.661911635718,72.09673508644997,5197.939210125746,46593.96227197911,29.212515531021385,78.25222287492537,4.454880877742947,0.6065768656621922,30.0,0.0,0.0,70.0,765.3333333333334,30,1.0666666666666667,-4.796704385218678,0.6800604429113594,0.18513554983238356,0.9064882901570508,4.2902540955837765,459.33603910681586,8.654202401731624,1322.7746950944638,1928.117629223496,0.8507310000830799,-0.6430243636028337,-0.06013490500440888,-0.04948654493426641,-30.0,0.0,0.0,30.0,-384.33333333333337,-5,-0.06666666666666665,-8.374742275106271,-0.12539184952978058,-0.00023496286607704864,-0.6318934678365207,-16.717824784592466,-1438.6844678505834,-6.445666830733046,-887.8764470089445,978.5671188967463,0.5017439261153136,-2.4467666124996725,0.024691264668046387,-0.07181033838279172,-30.0,0.0,0.0,30.0,35.04166666666663,-1,0.0022988505747125743,3.578037889887593,0.8054522924411399,0.1853705126984606,1.5383817579935715,21.008078880176242,1898.0205069573992,15.09986923246467,2210.6511421034083,949.5505103267496,0.3489870739677663,1.8037422488968389,-0.08482616967245526,0.02232379344852531,0.0,0.0,0.0,0.0,-419.375,-4,-0.06896551724137923
T60 CONTROLE,CONTROLE,27.990841442472806,0.05724098454493417,0.0,1.7744705208929592,58.246383713825445,3392.6412157381897,81.06633153988695,6571.75010933487,60443.656763337625,34.59854422629515,63.86512791603248,5.615912993703492,1.0874380520532143,20.0,0.0,0.0,80.0,736.7,11,1.0,24.302788844621514,0.11383039271485487,0.056915196357427436,1.4228799089356858,49.1886865810473,2419.5268875685024,75.7293310922174,5734.931587674683,58803.70559447724,33.46824450454026,65.6699017268908,5.8911724530449625,0.8255731027797863,10.0,0.0,0.0,90.0,522.1,18,1.0,28.97142857142857,0.1142857142857143,0.17142857142857143,2.571428571428571,44.57228096402182,1986.688230335702,81.48711782431761,6640.15037131422,52906.95123404529,30.232543562311594,53.71462984288512,5.85246,0.7783149413400036,20.0,0.0,0.0,80.0,297.55555555555554,13,1.0,-0.980587128955765,-0.05704472974078013,-0.17142857142857143,-0.796958050535612,13.674102749803623,1405.9529854024877,-0.4207862844306618,-68.40026197935003,7536.705529292332,4.366000663983552,10.15049807314736,-0.23654700629650804,0.30912311071321075,0.0,0.0,0.0,0.0,439.1444444444445,-2,0.0,-4.668639726807058,-0.0004553215708594238,-0.114513375071144,-1.1485486624928853,4.616405617025478,432.8386572328004,-5.7577867321002145,-905.2187836395369,5896.7543604319435,3.2357009422286644,11.955271884005683,0.038712453044962736,0.047258161439782786,-10.0,0.0,0.0,10.0,224.54444444444448,5,0.0,3.688052597851293,-0.0565894081699207,-0.056915196357427436,0.35159061195727337,9.057697132778145,973.1143281696873,5.337000447669553,836.8185216601869,1639.9511688603889,1.1302997217548878,-1.8047738108583218,-0.2752594593414708,0.26186494927342796,10.0,0.0,0.0,-10.0,214.60000000000002,-7,0.0
T51 CONTROLE,CONTROLE,13.239436619718308,0.0,0.0,0.11267605633802817,60.63762834670737,3676.92197151341,54.32057767281875,2950.725158708735,34048.54405458077,19.182278340608885,25.222095220065473,5.288991549295774,0.44725745436042674,30.0,0.0,0.0,70.0,495.22222222222223,31,1.032258064516129,10.011248593925758,0.0,0.05624296962879641,0.11248593925759282,45.89315608637864,2106.1817755687125,45.29177175469479,2051.3445886793693,32251.57167253995,18.13924166059615,19.880763693887637,5.499898762654668,0.2871649223272891,10.0,0.0,0.0,90.0,574.7777777777778,29,1.0,23.887323943661972,0.11267605633802817,0.0,0.22535211267605634,41.57864357614786,1728.7836016323417,56.745810558090476,3220.0870158946923,31664.292468903914,17.839038010650093,17.856080712582234,5.413647887323942,0.38181998666268685,30.0,0.0,0.0,70.0,184.6,19,1.0526315789473684,-10.647887323943664,-0.11267605633802817,0.0,-0.11267605633802817,19.058984770559512,1948.1383698810682,-2.4252328852717255,-269.36185718595743,2384.2515856768587,1.3432403299587925,7.366014507483239,-0.124656338028168,0.06543746769773989,0.0,0.0,0.0,0.0,310.62222222222226,12,-0.02037351443123936,-13.876075349736213,-0.11267605633802817,0.05624296962879641,-0.11286617341846353,4.314512510230777,377.39817393637077,-11.454038803395683,-1168.742427215323,587.279203636037,0.30020364994605586,2.0246829813054035,0.08625087533072584,-0.09465506433539778,-20.0,0.0,0.0,20.0,390.1777777777778,10,-0.05263157894736836,3.2281880257925497,0.0,-0.05624296962879641,0.00019011708043535636,14.744472260328735,1570.7401959446975,9.028805918123957,899.3805700293656,1796.9723820408217,1.0430366800127366,5.341331526177836,-0.21090721335889384,0.16009253203313767,20.0,0.0,0.0,-20.0,-79.5555555555556,2,0.032258064516129004
T29 TEA LEVE,TEA,27.24097788125728,1.4551804423748544,0.17462165308498254,1.1059371362048895,90.29752402279969,8153.642844648089,81.01753341328528,6563.8407203727975,74231.03428685523,43.20781972459559,71.39053124473527,4.823742724097788,0.7693413608150267,20.0,10.0,0.0,70.0,232.9,12,1.0,22.184493491794,2.3769100169779285,0.3395585738539898,2.5466893039049237,105.11562153749723,11049.293891214353,80.02196604111109,6403.515049084736,97129.4265383287,54.96854925768461,91.66574555857437,4.950899830220713,0.8350266063636488,30.0,10.0,0.0,60.0,148.1,6,1.0,22.248107163657544,2.6790914385556204,0.52417006406523,2.2714036109493305,88.01956258416178,7747.4433975071715,84.14870626777338,7081.0047665400025,88948.30887685993,51.804489736086154,89.23886989863031,4.925765870704717,0.8758999261232783,50.0,0.0,0.0,50.0,450.8,16,1.0,4.992870717599736,-1.223910996180766,-0.34954841098024747,-1.165466474744441,2.2779614386379166,406.1994471409171,-3.1311728544880992,-517.164046167205,-14717.274590004701,-8.596670011490566,-17.84833865389504,-0.10202314660692924,-0.10655856530825158,-30.0,10.0,0.0,20.0,-217.9,-4,0.0,-0.06361367186354272,-0.3021814215776919,-0.18461149021124024,0.27528569295559313,17.096058953335458,3301.850493707181,-4.126740226662292,-677.4897174552661,8181.117661468772,3.1640595215984533,2.4268756599440593,0.02513395951599584,-0.04087331975962949,-20.0,10.0,0.0,10.0,-302.70000000000005,-10,0.0,5.056484389463279,-0.921729574603074,-0.16493692076900726,-1.4407521677000341,-14.818097514697541,-2895.651046566264,0.9955673721741931,160.32567128806113,-22898.392251473473,-11.76072953308902,-20.2752143138391,-0.12715710612292508,-0.0656852455486221,-10.0,0.0,0.0,10.0,84.80000000000001,6,0.0
T34 CONTROLE,CONTROLE,36.839080459770116,0.5747126436781609,0.05747126436781609,0.0,54.13554946144405,2930.657715492455,60.41419244291588,3649.8746485296742,26806.435539532697,15.405997436513044,27.197963624130836,3.4100488505747126,0.2873836198155673,50.0,0.0,0.0,50.0,166.22222222222223,39,1.1025641025641026,26.032823995472555,2.2637238256932655,0.0,0.056593095642331635,47.591995822293015,2264.9980663491556,63.2029911134914,3994.6180856920732,24313.55124000546,13.7597913073036,17.688582816610122,3.449346349745331,0.23496110619319757,10.0,0.0,0.0,90.0,405.9,46,1.0434782608695652,37.903682719546744,0.0,0.0,3.1161473087818696,54.0248024608014,2918.6792809286135,71.092222149518,5054.1040501564175,25421.242603258688,14.402970313461013,19.043505470303817,3.451254957507082,0.297885304965633,10.0,0.0,0.0,90.0,271.3,55,1.0909090909090908,-1.0646022597766276,0.5747126436781609,0.05747126436781609,-3.1161473087818696,0.11074700064264675,11.978434563841347,-10.67802970660211,-1404.2294016267433,1385.1929362740084,1.0030271230520302,8.154458153827019,-0.04120610693236948,-0.010501685150065665,40.0,0.0,0.0,-40.0,-105.07777777777778,-16,0.011655011655011815,-11.87085872407419,2.2637238256932655,0.0,-3.059554213139538,-6.432806638508389,-653.6812145794579,-7.889231036026594,-1059.4859644643443,-1107.6913632532269,-0.6431790061574141,-1.354922653693695,-0.0019086077617509467,-0.06292419877243541,0.0,0.0,0.0,0.0,134.59999999999997,-9,-0.04743083003952564,10.806256464297562,-1.6890111820151046,0.05747126436781609,-0.056593095642331635,6.543553639151035,665.6596491432992,-2.788798670575517,-344.743437162399,2492.8842995272353,1.6462061292094443,9.509380807520714,-0.03929749917061853,0.05242251362236974,40.0,0.0,0.0,-40.0,-239.67777777777775,-7,0.059085841694537455
T17 TEA LEVE,TEA,13.914373088685014,4.128440366972478,1.0703363914373087,33.33333333333333,378.22866614517005,143056.92389395452,234.97659886414036,55214.00201375913,148534.61262029974,227.1171446793574,314.72862200046893,1.9120374617737004,1.6337929222863576,10.0,0.0,0.0,90.0,340.8333333333333,4,1.0,10.486891385767791,0.24968789013732834,0.12484394506866417,29.837702871410738,367.4662800780257,135031.46699438203,207.4170792155557,43021.84475031211,135681.13624840858,169.3896832065026,277.3070687743637,2.379113607990013,1.6607876221320688,0.0,0.0,0.0,100.0,1188.142857142857,10,1.1,26.294820717131472,1.0624169986719787,0.398406374501992,26.560424966799467,348.19449965298986,121239.40958859595,204.06874635133374,41644.05323740499,133170.5873885961,176.8533697059709,284.2854514715016,2.5810292164674635,1.8721444132150962,0.0,0.0,0.0,100.0,568.5,9,1.0,-12.380447628446458,3.066023368300499,0.6719300169353167,6.772908366533862,30.03416649218019,21817.514305358563,30.907852512806613,13569.94877635414,15364.02523170365,50.26377497338652,30.443170528967357,-0.6689917546937632,-0.23835149092873853,10.0,0.0,0.0,-10.0,-227.66666666666669,-5,0.0,-15.807929331363681,-0.8127291085346504,-0.27356242943332787,3.277277904611271,19.271780425035843,13792.05740578608,3.348332864221959,1377.7915129071262,2510.548859812494,-7.463686499468281,-6.978382697137874,-0.20191560847745071,-0.2113567910830274,0.0,0.0,0.0,0.0,619.6428571428571,1,0.10000000000000009,3.4274817029172233,3.878752476835149,0.9454924463686446,3.495630461922591,10.762386067144348,8025.456899572484,27.559519648584654,12192.157263447014,12853.476371891156,57.7274614728548,37.42155322610523,-0.46707614621631244,-0.026994699845711123,10.0,0.0,0.0,-10.0,-847.3095238095239,-6,-0.10000000000000009
T47 CONTROLE,CONTROLE,36.757990867579906,0.91324200913242,2.5684931506849313,11.929223744292237,90.11187597682373,8120.150192062461,189.20698090578463,35799.28162348195,40369.40513565169,23.04189790847699,42.3189143644533,5.50271404109589,0.5603012109762634,50.0,0.0,0.0,50.0,236.2,33,1.0303030303030303,21.855435401252134,1.3659647125782584,1.3090495162208309,10.073989755264655,111.55197372572016,12443.842842103762,181.1658314363946,32821.05848004014,39962.454197256564,22.744709275615573,42.24538899602615,5.6626693227091645,0.38609765786689787,30.0,10.0,0.0,60.0,192.8,36,1.0,38.592375366568916,0.41055718475073316,0.3519061583577713,5.689149560117302,90.38113403468671,8168.7493893960045,112.1814683795086,12584.681847782687,35139.920451488215,20.60992401846816,39.80220985471961,5.647219941348974,0.3845139930740036,40.0,0.0,10.0,50.0,223.0,31,1.032258064516129,-1.8343844989890101,0.5026848243816868,2.21658699232716,6.240074184174935,-0.2692580578629844,-48.59919733354309,77.02551252627603,23214.59977569926,5229.484684163472,2.4319738900088304,2.5167045097336924,-0.1445059002530833,0.17578721790225982,10.0,0.0,-10.0,0.0,13.199999999999989,2,-0.0019550342130987275,-16.736939965316783,0.9554075278275251,0.9571433578630596,4.384840195147353,21.17083969103345,4275.093452707758,68.984363056886,20236.376632257452,4822.533745768349,2.1347852571474135,2.443179141306544,0.015449381360190806,0.0015836647928942904,-10.0,10.0,-10.0,10.0,-30.19999999999999,5,-0.032258064516129004,14.902555466327772,-0.4527227034458383,1.2594436344641005,1.8552339890275817,-21.440097748896434,-4323.692650041301,8.041149469390035,2978.2231434418063,406.95093839512265,0.29718863286141683,0.07352536842714841,-0.1599552816132741,0.17420355310936553,20.0,-10.0,0.0,-10.0,43.39999999999998,-3,0.030303030303030276
T59 CONTROLE,CONTROLE,16.21150493898896,1.1621150493898895,0.17431725740848344,0.0,55.04848714593895,3030.335937056606,52.816466036944426,2789.579084631704,32127.69343223232,18.668038019890947,31.444081018750907,3.0909907030796044,0.42461215945852127,20.0,0.0,0.0,80.0,687.0,34,1.0294117647058822,16.898954703832754,0.0,0.23228803716608595,0.17421602787456447,47.34337272116744,2241.394940615381,53.194754164934324,2829.6818706677973,28826.466416997297,16.74010825609599,27.52804107878967,3.182026713124274,0.4264783065349439,10.0,0.0,10.0,80.0,811.5555555555555,50,1.08,20.75249853027631,0.29394473838918284,0.3527336860670194,0.23515579071134626,46.62005400340378,2173.429435280285,67.80521978939255,4597.547830687831,34013.491276417204,19.996173589898415,34.40439715431621,3.178265726043504,0.44126501566974086,10.0,0.0,0.0,90.0,532.3,41,1.024390243902439,-4.54099359128735,0.8681703110007066,-0.17841642865853594,-0.23515579071134626,8.42843314253517,856.906501776321,-14.988753752448126,-1807.9687460561272,-1885.7978441848827,-1.3281355700074684,-2.9603161355653,-0.08727502296389966,-0.01665285621121959,10.0,0.0,0.0,-10.0,154.70000000000005,-7,0.005021520803443202,-3.8535438264435555,-0.29394473838918284,-0.12044564890093343,-0.06093976283678179,0.7233187177636609,67.96550533509617,-14.610465624458229,-1767.865960020034,-5187.024859419907,-3.2560653338024252,-6.876356075526537,0.003760987080769773,-0.01478670913479696,0.0,0.0,10.0,-10.0,279.2555555555556,9,0.055609756097561025,-0.6874497648437945,1.1621150493898895,-0.05797077975760251,-0.17421602787456447,7.705114424771509,788.9409964412248,-0.3782881279898973,-40.10278603609322,3301.2270152350247,1.9279297637949568,3.9160399399612373,-0.09103601004466944,-0.0018661470764226307,10.0,0.0,-10.0,0.0,-124.55555555555554,-16,-0.05058823529411782
T35 CONTROLE,CONTROLE,2.2988505747126435,0.07183908045977011,0.0,0.646551724137931,57.152503216321904,3266.4086238916852,43.40076284742337,1883.6262157382848,25600.050081269517,18.390840575624654,29.371202710983678,4.247413793103448,0.44330330639766297,0.0,0.0,0.0,100.0,1293.25,31,1.032258064516129,3.65778053316801,0.0,0.0,5.269683818970862,123.61188322257645,15279.897673831878,88.91250891543781,7905.434241637809,33244.16717894001,20.610147042120282,45.6274754666779,4.232768133911965,0.4575754797341065,10.0,0.0,0.0,90.0,1214.4,34,1.0,4.260651629072681,0.0,0.0,4.949874686716791,92.02945411171908,8469.420424101007,70.68071032888501,4995.762812595753,30452.686746539897,19.080630793571363,30.915402087269506,4.3040664160401,0.57330038243621,0.0,0.0,0.0,100.0,888.8571428571429,34,1.0294117647058822,-1.9618010543600377,0.07183908045977011,0.0,-4.303322962578861,-34.87695089539717,-5203.011800209321,-27.27994748146164,-3112.136596857468,-4852.63666527038,-0.6897902179467081,-1.5441993762858282,-0.056652622936652186,-0.129997076038547,0.0,0.0,0.0,0.0,404.3928571428571,-3,0.002846299810246755,-0.6028710959046713,0.0,0.0,0.31980913225407104,31.582429110857376,6810.477249730871,18.2317985865528,2909.671429042056,2791.480432400116,1.5295162485489193,14.712073379408395,-0.07129828212813472,-0.11572490270210345,10.0,0.0,0.0,-10.0,325.5428571428572,0,-0.02941176470588225,-1.3589299584553665,0.07183908045977011,0.0,-4.623132094832931,-66.45938000625455,-12013.489049940192,-45.51174606801444,-6021.808025899523,-7644.117097670496,-2.2193064664956275,-16.256272755694223,0.01464565919148253,-0.014272173336443539,-10.0,0.0,0.0,10.0,78.84999999999991,-3,0.032258064516129004
T22 TEA MODERADO,TEA,6.8035943517329915,0.7702182284980745,0.7702182284980745,3.3376123234916557,54.22914336580311,2940.799990188828,102.94865476714007,10598.425518363792,40136.75438017514,25.761716546967353,49.325184913574354,4.029111039794608,0.43217002870669013,10.0,0.0,10.0,80.0,1321.6666666666667,42,1.0714285714285714,7.268007787151201,0.6489292667099287,1.1031797534068788,3.049967553536664,51.36481928146729,2638.3446598177943,116.42214078384762,13554.114864694035,39409.28173930681,25.573836300653348,47.002241450231615,3.9197955872809866,0.6383863131456408,10.0,0.0,10.0,80.0,514.0,31,1.032258064516129,12.3125,0.0625,0.43750000000000006,2.5625,46.818438983941554,2191.966228893058,98.45536859919703,9693.459606003751,34808.682695502255,21.75542668468891,40.94123410662512,3.8200125,0.6422898907686581,10.0,0.0,0.0,90.0,771.8,51,1.0196078431372548,-5.5089056482670085,0.7077182284980745,0.3327182284980745,0.7751123234916557,7.4107043818615566,748.8337612957698,4.49328616794304,904.9659123600413,5328.071684672883,4.006289862278443,8.383950806949237,0.20909853979460813,-0.21011986206196792,0.0,0.0,10.0,-10.0,549.8666666666668,-9,0.051820728291316565,-5.044492212848799,0.5864292667099287,0.6656797534068788,0.48746755353666416,4.546380297525737,446.3784309247362,17.966772184650594,3860.6552586902835,4600.599043804556,3.8184096159644376,6.061007343606498,0.09978308728098684,-0.003903577623017296,0.0,0.0,10.0,-10.0,-257.79999999999995,-20,0.012650221378874171,-0.46441343541820945,0.12128896178814585,-0.33296152490880426,0.28764476995499155,2.86432408433582,302.4553303710336,-13.473486016707554,-2955.689346330242,727.4726408683273,0.18788024631400546,2.322943463342739,0.10931545251362129,-0.20621628443895063,0.0,0.0,0.0,0.0,807.6666666666667,11,0.03917050691244239
T50 CONTROLE,CONTROLE,34.858135495078166,0.9264620729588882,0.2895193977996526,0.6369426751592357,63.01159100945481,3970.4606015428067,68.55127630007219,4699.27748236884,70114.35070222741,40.598929184845055,53.79817462237203,5.246786334684424,0.563160627465766,50.0,0.0,0.0,50.0,221.1,6,1.0,37.030618139803586,1.559792027729636,0.34662045060658575,0.5777007510109763,47.69144026117746,2274.4734741854586,64.70702004584473,4186.9984432133515,75397.14234334856,43.55698575583395,58.042090293325955,5.292244367417678,0.7232279542274753,40.0,0.0,0.0,60.0,98.0,9,1.0,36.33651551312649,1.5513126491646778,0.35799522673031026,1.0143198090692125,62.24743135610908,3874.7427104335125,72.61646048777553,5273.150333772664,74272.10898203138,44.31510082460106,56.05485587234141,5.3922881861575185,0.5582716664990026,40.0,0.0,0.0,60.0,31.5,8,1.0,-1.4783800180483269,-0.6248505762057897,-0.06847582893065768,-0.37737713390997674,0.7641596533457289,95.71789110929421,-4.065184187703338,-573.8728514038248,-4157.758279803966,-3.7161716397560056,-2.2566812499693825,-0.14550185147309413,0.004888960966763389,10.0,0.0,0.0,-10.0,189.6,-2,0.0,0.6941026266770933,0.008479378564958173,-0.011374776123724506,-0.4366190580582362,-14.55599109493162,-1600.2692362480539,-7.909440441930798,-1086.151890559313,1125.0333613171824,-0.7581150687671112,1.9872344209845423,-0.1000438187398407,0.1649562877284727,0.0,0.0,0.0,0.0,66.5,1,0.0,-2.17248264472542,-0.6333299547707478,-0.05710105280693317,0.05924192414825946,15.32015074827735,1695.987127357348,3.84425625422746,512.2790391554881,-5282.791641121148,-2.9580565709888944,-4.243915670953925,-0.04545803273325344,-0.16006732676170932,10.0,0.0,0.0,-10.0,123.1,-3,0.0
