sujeito,target
T28 TEA GRAVE.csv,1
T26 TEA GRAVE.csv,1
T41 CONTROLE.csv,0
T30 TEA GRAVE.csv,1
T54 CONTROLE.csv,0
T56 CONTROLE.csv,0
T55 CONTROLE.csv,0
T15 TEA MODERADO.csv,1
T27 TEA LEVE.csv,1
T57 CONTROLE.csv,0
T40 TEA GRAVE.csv,1
T16 TEA LEVE.csv,1
T20 TEA MODERADO.csv,1
T18 TEA MODERADO.csv,1
T43 CONTROLE.csv,0
T58 CONTROLE.csv,0
T61 CONTROLE.csv,0
T32 TEA LEVE.csv,1
T37 CONTROLE.csv,0
T44 CONTROLE.csv,0
T49 CONTROLE.csv,0
T36 CONTROLE.csv,0
T39 CONTROLE.csv,0
T19 TEA MODERADO.csv,1
T25 TEA LEVE.csv,1
T38 CONTROLE.csv,0
T21 TEA MODERADO.csv,1
T24 TEA LEVE.csv,1
T48 CONTROLE.csv,0
T46 TEA LEVE.csv,1
T60 CONTROLE.csv,0
T51 CONTROLE.csv,0
T29 TEA LEVE.csv,1
T34 CONTROLE.csv,0
T17 TEA LEVE.csv,1
T12 CONTROLE.csv,0
T47 CONTROLE.csv,0
T59 CONTROLE.csv,0
T35 CONTROLE.csv,0
T22 TEA MODERADO.csv,1
T50 CONTROLE.csv,0
