sujeito_id,nome_arquivo,caminho_completo
T47,T47 CONTROLE.xlsx,../data/raw/T47 CONTROLE.xlsx
T49,T49 CONTROLE.xlsx,../data/raw/T49 CONTROLE.xlsx
T40,T40 TEA GRAVE.xlsx,../data/raw/T40 TEA GRAVE.xlsx
T30,T30 TEA GRAVE.xlsx,../data/raw/T30 TEA GRAVE.xlsx
T16,T16 TEA LEVE.xlsx,../data/raw/T16 TEA LEVE.xlsx
T27,T27 TEA LEVE.xlsx,../data/raw/T27 TEA LEVE.xlsx
T55,T55 CONTROLE.xlsx,../data/raw/T55 CONTROLE.xlsx
T37,T37 CONTROLE.xlsx,../data/raw/T37 CONTROLE.xlsx
T20,T20 TEA MODERADO.xlsx,../data/raw/T20 TEA MODERADO.xlsx
T58,T58 CONTROLE.xlsx,../data/raw/T58 CONTROLE.xlsx
T22,T22 TEA MODERADO.xlsx,../data/raw/T22 TEA MODERADO.xlsx
T51,T51 CONTROLE.xlsx,../data/raw/T51 CONTROLE.xlsx
T48,T48 CONTROLE.xlsx,../data/raw/T48 CONTROLE.xlsx
T19,T19 TEA MODERADO.xlsx,../data/raw/T19 TEA MODERADO.xlsx
T28,T28 TEA GRAVE.xlsx,../data/raw/T28 TEA GRAVE.xlsx
T39,T39 CONTROLE.xlsx,../data/raw/T39 CONTROLE.xlsx
T35,T35 CONTROLE.xlsx,../data/raw/T35 CONTROLE.xlsx
T44,T44 CONTROLE.xlsx,../data/raw/T44 CONTROLE.xlsx
T59,T59 CONTROLE.xlsx,../data/raw/T59 CONTROLE.xlsx
T34,T34 CONTROLE.xlsx,../data/raw/T34 CONTROLE.xlsx
T56,T56 CONTROLE.xlsx,../data/raw/T56 CONTROLE.xlsx
T60,T60 CONTROLE.xlsx,../data/raw/T60 CONTROLE.xlsx
T41,T41 CONTROLE.xlsx,../data/raw/T41 CONTROLE.xlsx
T32,T32 TEA LEVE.xlsx,../data/raw/T32 TEA LEVE.xlsx
T26,T26 TEA GRAVE.xlsx,../data/raw/T26 TEA GRAVE.xlsx
T24,T24 TEA LEVE.xlsx,../data/raw/T24 TEA LEVE.xlsx
T38,T38 CONTROLE.xlsx,../data/raw/T38 CONTROLE.xlsx
T36,T36 CONTROLE.xlsx,../data/raw/T36 CONTROLE.xlsx
T57,T57 CONTROLE.xlsx,../data/raw/T57 CONTROLE.xlsx
T54,T54 CONTROLE.xlsx,../data/raw/T54 CONTROLE.xlsx
T21,T21 TEA MODERADO.xlsx,../data/raw/T21 TEA MODERADO.xlsx
T43,T43 CONTROLE.xlsx,../data/raw/T43 CONTROLE.xlsx
T18,T18 TEA MODERADO.xlsx,../data/raw/T18 TEA MODERADO.xlsx
T17,T17 TEA LEVE.xlsx,../data/raw/T17 TEA LEVE.xlsx
T25,T25 TEA LEVE.xlsx,../data/raw/T25 TEA LEVE.xlsx
T29,T29 TEA LEVE.xlsx,../data/raw/T29 TEA LEVE.xlsx
T46,T46 TEA LEVE.xlsx,../data/raw/T46 TEA LEVE.xlsx
T50,T50 CONTROLE.xlsx,../data/raw/T50 CONTROLE.xlsx
T15,T15 - TEA_M.csv,../data/raw/T15 - TEA_M.csv
T61,T61 - CONTROLE.csv,../data/raw/T61 - CONTROLE.csv
T12,T12 - CONTROLE.csv,../data/raw/T12 - CONTROLE.csv
