subject_id,BCEA_Geral,BCEA_Feliz,BCEA_Nenhuma,BCEA_Neutro,BCEA_Raiva
28,87471937.81693533,80231696.71901336,415080.48827155493,79937417.33264291,86614789.1272786
26,36706996.79375124,41329964.3784339,217326.57488454698,21136507.509623814,41927034.13881108
41,65724547.35317749,62890877.76635832,608414.4111366724,59131993.80820026,67651481.58633065
30,39097847.47488194,43055804.5603749,219254.36516535335,39124453.055457614,31457089.8897306
54,29029608.323577896,25724751.545544412,322487.90020657587,26967593.07090797,31860611.41268232
56,22311923.97140463,21077718.428696197,175226.70919437433,21308074.95031418,22556583.70423311
55,20651490.412637115,18660297.428421583,164961.7406472464,20339046.440358363,21741534.470195483
15,31347603.38007442,30961975.846733518,169047.91222480085,20458151.807785958,38178143.95953384
27,44621885.89135584,43132630.1657692,617950.5572928281,35272368.198913984,49233012.33902415
57,22497579.06356316,18070279.857385535,413404.5960903353,19987546.425279014,24024400.072799724
40,45329368.48393563,40273704.325238906,942104.9607397614,38461308.35577378,50566638.588546485
16,30117040.608410265,31117192.843748562,227189.28636045376,27208963.756335083,30331667.977839135
20,39482139.15572735,39748839.87068188,100280.48106954986,28977703.64731464,45350272.624069035
18,41349790.73620622,43908260.532360815,1026114.3953824359,40601055.759122245,31333061.88386256
43,24638967.784309663,22694433.25754127,230801.10533522206,25210777.41677439,23599416.123371717
58,36765775.484802194,30716727.128984325,316398.67573318374,33850779.15988917,41736360.72753503
61,21655177.25731943,26650315.78383296,448249.19286146073,15575412.646809557,19798053.150910866
32,31836315.05522727,25267231.15613766,776034.7343296042,28350470.208455466,34115235.5545393
37,25285188.95460528,25312288.038238622,128546.2772721829,20743998.876006417,27729991.037285008
44,32550177.969478495,29665806.41191428,120629.0276175168,32380351.325677995,32771849.434985243
49,26011694.85838419,22601364.905033518,328621.873984839,21950584.29959646,26574938.568068676
36,31359585.124653466,35895712.417276315,133715.0715220391,30047402.009396445,25503817.94578346
39,30051155.277303472,31900121.12903319,97320.95301027238,24377453.665201418,31372584.154429596
19,26831931.425183527,23317675.332948852,134136.44062244022,24861074.03760358,28670537.83293213
25,44287665.825064346,32019208.48992218,394790.3140463821,48245955.29712759,46259597.33627663
38,30066637.85948791,24745488.667469956,357774.5217394973,28897630.369589895,33230952.687313873
21,98999031.98912847,86603871.74030004,560906.5732897306,90020501.63043845,110861303.81078044
24,130308771.45923619,124760679.86538798,814206.2639079307,133781331.48592263,126204842.59948647
48,24607809.931986906,21268038.235189565,532508.4151180332,20797175.834683746,25471158.859455347
46,22684825.09363384,23266371.31779237,98458.78094275764,18251562.740510665,24221482.264057614
60,29026580.746266916,28225562.148229543,431104.97985627706,23535084.046564355,32306115.294329338
51,25194584.732593145,25034550.516774442,278642.8796858205,25082729.28295457,23908535.59917132
29,36355699.3152541,33429531.380893026,766488.0717764886,35590221.95862515,36317423.78545287
34,27196852.753529698,30580046.59459018,189009.7756682643,22989457.556782752,26349325.789798442
17,158101956.12522474,140102247.43549803,219715.5463019514,141406604.04444188,166876738.15787596
12,19411776.641674936,19798186.782703184,113490.52190078268,15050921.2349829,21005913.418107763
47,39878100.31136024,32204577.336760126,215040.62825724427,42917769.95633812,40992981.94845082
59,32392691.051535927,27960835.410234477,717900.5092834809,27203864.667654995,35970009.18360363
35,40853566.29677763,27286341.783530258,311668.9325685172,42499852.81598684,42944473.93701264
22,25107292.63996052,23865583.830278814,186196.11913553244,22765629.566082995,25661783.98351371
50,30220855.581586227,27423862.92084791,580363.4464490141,25904512.930557273,30759633.774651743
