ID_Sujeito,Target,Humano_Feliz_BCEA,Humano_Feliz_Olhos,Humano_Feliz_Boca,Humano_Neutro_BCEA,Humano_Neutro_Olhos,Humano_Neutro_Boca,Humano_Raiva_BCEA,Humano_Raiva_Olhos,Humano_Raiva_Boca,Desenho_Feliz_BCEA,Desenho_Feliz_Olhos,Desenho_Feliz_Boca,Desenho_Neutro_BCEA,Desenho_Neutro_Olhos,Desenho_Neutro_Boca,Desenho_Raiva_BCEA,Desenho_Raiva_Olhos,Desenho_Raiva_Boca,Delta_Humano_Feliz_vs_Neutro_Olhos,Delta_Humano_Feliz_vs_Neutro_BCEA,Delta_Humano_Raiva_vs_Neutro_Olhos,Delta_Humano_Raiva_vs_Neutro_BCEA,Delta_Desenho_Feliz_vs_Neutro_Olhos,Delta_Desenho_Feliz_vs_Neutro_BCEA,Delta_Desenho_Raiva_vs_Neutro_Olhos,Delta_Desenho_Raiva_vs_Neutro_BCEA
T28,1,12.911777562828933,0.07556935817805382,0.020703933747412008,12.820738116274208,0.06878306878306878,0.10582010582010581,12.7583525568196,0.11155378486055777,0.05843293492695883,13.294613106588269,0.08823529411764706,0.0392156862745098,12.834991933806885,0.06201550387596899,0.05426356589147287,12.887614097878137,0.06514657980456026,0.03257328990228013,0.006786289394985046,0.09103944655472418,0.04277071607748899,-0.062385559454607886,0.026219790241678073,0.45962117278138415,0.0031310759285912704,0.05262216407125209
T26,1,11.371465716025114,0.12911843276936777,0.0008904719501335708,10.593856766198638,0.23508209851822187,0.004805766920304365,11.431103303919928,0.1710821733273462,0.003143242029636282,11.905789710111433,0.31112916328188467,0.008123476848090982,11.445662928308222,0.11779661016949153,0.001694915254237288,11.779019981721651,0.23440577806959947,0.001969796454366382,-0.1059636657488541,0.777608949826476,-0.06399992519087566,0.8372465377212901,0.19333255311239314,0.4601267818032113,0.11660916790010795,0.3333570534134296
T41,0,11.944768032402148,0.20882481432940148,0.005679335954565312,11.605678565390226,0.09700249791840133,0.004579517069109076,11.320792824686878,0.23374340949033393,0.0021968365553602814,12.646791306123841,0.29821717990275526,0.004862236628849271,12.210274984732465,0.2967914438502674,0.016042780748663103,12.805751220794958,0.21855010660980811,0.009594882729211088,0.11182231641100014,0.339089467011922,0.13674091157193258,-0.2848857407033485,0.0014257360524878582,0.43651632139137675,-0.07824133724045929,0.5954762360624937
T30,1,11.591779120268773,0.20078546882670595,0.007854688267059401,12.099980560882829,0.20151921358355673,0.01966041108132261,11.636932298761355,0.141012909632572,0.019364448857994043,12.37294087878079,0.12279069767441861,0.01581395348837209,11.719886965783942,0.1252973830293418,0.047581284694686754,11.978358007321521,0.11400247831474597,0.011771995043370507,-0.0007337447568507849,-0.5082014406140551,-0.06050630395098475,-0.46304826212147354,-0.0025066853549231827,0.6530539129968478,-0.011294904714595821,0.2584710415375788
T54,0,10.601694774633831,0.17427385892116182,0.005071461502996773,10.600773831117522,0.18321616871704746,0.007908611599297012,10.543677843686261,0.1851512373968836,0.0036663611365719525,10.827625874753714,0.28941176470588237,0.006274509803921568,10.894586839405925,0.12432432432432433,0.008494208494208495,11.159693347158877,0.09063625450180073,0.004201680672268907,-0.008942309795885645,0.000920943516309336,0.0019350686798361438,-0.05709598743126065,0.16508744038155804,-0.06696096465221046,-0.033688069822523606,0.26510650775295197
T56,0,10.172368580077084,0.365277180919639,0.0008594757198109154,10.16286029062727,0.41735700197238657,0.0007889546351084812,10.01743866074678,0.5010931351114998,0.003935286401399213,10.080253626802572,0.6353194544149318,0.002871500358937545,10.637785377731168,0.39252995066948554,0.0014094432699083862,10.37909282261455,0.3858665171060011,0.0,-0.052079821052747555,0.009508289449813745,0.08373613313911321,-0.1454216298804898,0.24278950374544622,-0.5575317509285966,-0.006663433563484422,-0.2586925551166175
T55,0,10.34109460763501,0.0872943327239488,0.024223034734917732,10.236267210030897,0.12866907921190188,0.024929634097305992,10.313741533756648,0.08986277113767153,0.02390438247011952,11.229983386925847,0.2090837901331245,0.052466718872357085,11.26952946625411,0.26703210649960846,0.042286609240407204,11.372399746999246,0.2314930991217064,0.0370138017565872,-0.04137474648795307,0.10482739760411341,-0.03880630807423034,0.0774743237257507,-0.057948316366483954,-0.03954607932826271,-0.035539007377902054,0.10287028074513671
T15,1,10.118918501623067,0.09099139882299682,0.0,10.12938018627635,0.12824675324675325,0.0008116883116883117,10.07889549767304,0.1521547933157432,0.0,11.467988052821315,0.3136439267886855,0.0016638935108153079,10.036773923281872,0.24260355029585798,0.0,11.629865244995061,0.2655948553054662,0.0012861736334405145,-0.03725535442375642,-0.010461684653282788,0.023908040068989944,-0.050484688603310346,0.07104037649282754,1.431214129539443,0.02299130500960825,1.5930913217131888
T27,1,11.331661068783696,0.2898550724637681,0.0018115942028985507,11.433293363986676,0.2328086164043082,0.0008285004142502071,11.521945258446557,0.28840846366145356,0.0009199632014719411,11.651233178053484,0.3104,0.0024,11.729503613497576,0.24798711755233493,0.01288244766505636,11.72219941579548,0.26496739774748074,0.0011855364552459987,0.05704645605945993,-0.10163229520298067,0.05559984725714537,0.08865189445988086,0.062412882447665075,-0.07827043544409129,0.016980280195145803,-0.007304197702096005
T57,0,9.69729355994167,0.3,0.0013100436681222707,10.41508157021821,0.3733121525019857,0.0019857029388403494,10.342112047983653,0.4406402845709204,0.0026678523788350376,10.513063987123564,0.6592095451155854,0.0014914243102162564,9.542586921226839,0.7412935323383084,0.0007107320540156361,10.295380133377732,0.7201783723522854,0.013935340022296544,-0.0733121525019857,-0.7177880102765393,0.06732813206893473,-0.07296952223455655,-0.08208398722272303,0.9704770658967252,-0.02111515998602298,0.7527932121508929
T40,1,10.300877589782106,0.21881743634009496,0.001294777729823047,10.687850803945862,0.26584786053882725,0.0003961965134706815,10.98708727447077,0.2970890410958904,0.0012842465753424657,10.808225226388718,0.4046920821114369,0.0,10.25433469162727,0.24910522548317823,0.002863278453829635,10.998828710430569,0.4466743119266055,0.0011467889908256881,-0.047030424198732296,-0.3869732141637563,0.031241180557063153,0.2992364705249084,0.1555868566282587,0.5538905347614484,0.19756908644342727,0.7444940188032998
T16,1,10.620492459328156,0.38595744680851063,0.01276595744680851,10.077198963670849,0.42896174863387976,0.0039032006245121,10.301463097332936,0.4253164556962025,0.007172995780590718,11.419227588734394,0.5902228612508986,0.013659237958303379,11.278829141805646,0.5391737891737892,0.01282051282051282,11.590273298911956,0.4877913429522753,0.024972253052164262,-0.04300430182536913,0.5432934956573074,-0.003645292937677236,0.22426413366208742,0.0510490720771094,0.1403984469287476,-0.051382446221513944,0.31144415710631
T20,1,11.264385949859033,0.14826021180030258,0.007564296520423601,10.884378064248823,0.19406614785992218,0.011186770428015564,11.35049941695943,0.1448101265822785,0.004556962025316456,11.220715706698455,0.15660542432195976,0.013123359580052493,11.281730667210548,0.1569817866435386,0.003469210754553339,11.629995874628506,0.057777777777777775,0.009523809523809525,-0.045805936059619606,0.38000788561021004,-0.0492560212776437,0.46612135271060673,-0.0003763623215788381,-0.0610149605120931,-0.09920400886576082,0.34826520741795797
T18,1,10.673761285270029,0.5169020111253744,0.0012836970474967907,10.756827353448047,0.41081928655429245,0.001960015680125441,10.724390928681988,0.5139067180145486,0.0004278990158322636,11.22757738517464,0.29716193656093487,0.0008347245409015025,11.129310174993462,0.3877551020408163,0.00935374149659864,10.812606851801855,0.5335384615384615,0.00676923076923077,0.10608272457108192,-0.08306606817801843,0.10308743146025612,-0.032436424766059346,-0.09059316547988144,0.09826721018117901,0.1457833594976452,-0.3167033231916072
T43,0,10.345028070921092,0.09236234458259325,0.0017761989342806395,10.681175249604483,0.10321771834517342,0.002089427496865859,10.135917710205966,0.2024866785079929,0.0008880994671403197,10.239306220458946,0.20382165605095542,0.0023885350318471337,9.963536953638368,0.13390759592795615,0.004698512137823023,10.503067264594723,0.06463414634146342,0.0024390243902439024,-0.010855373762580167,-0.3361471786833903,0.09926896016281948,-0.5452575393985164,0.06991406012299928,0.27576926682057845,-0.06927344958649273,0.539530310956355
T58,0,10.776298618560782,0.21078214759169245,0.0057445868316394165,10.48203823788496,0.2726921591348011,0.003862495171881035,10.932263476322849,0.2537117903930131,0.003930131004366812,11.39029724394304,0.3253968253968254,0.004329004329004329,11.70403483800274,0.28005657708628007,0.02616690240452617,11.61191897798278,0.3309431880860452,0.03143960286817429,-0.061910011543108656,0.29426038067582105,-0.01898036874178799,0.45022523843788775,0.04534024831054534,-0.3137375940596989,0.05088661099976516,-0.09211586001995897
T61,0,10.58564203899619,0.2957957957957958,0.0015015015015015015,9.783433517451243,0.22245236122618062,0.004142502071251036,10.064298109105946,0.24559023066485752,0.0018091361374943465,11.12226337713591,0.36363636363636365,0.002331002331002331,10.459190739597059,0.3465346534653465,0.002284843869002285,10.755156283714731,0.4056152927120669,0.0017921146953405018,0.07334343456961517,0.8022085215449462,0.023137869438676906,0.28086459165470323,0.017101710171017137,0.6630726375388516,0.05908063924672041,0.2959655441176725
T32,1,10.127097700446878,0.12483631601920558,0.003491924923614142,10.224022208274137,0.13539192399049882,0.00395882818685669,10.094197635378837,0.18694885361552027,0.007054673721340388,11.415239581066151,0.26843657817109146,0.01032448377581121,11.74181893568931,0.21503759398496242,0.010526315789473684,11.948651069864365,0.09111361079865017,0.0022497187851518562,-0.010555607971293235,-0.09692450782725892,0.05155692962502145,-0.12982457289530025,0.05339898418612904,-0.3265793546231581,-0.12392398318631224,0.20683213417505542
T37,0,10.749214821944664,0.39895697522816165,0.0021729682746631897,10.136604565234965,0.30237154150197626,0.0007905138339920949,9.864249719356803,0.3556231003039514,0.0008684324793747286,10.72688308292154,0.11566617862371889,0.0014641288433382138,10.37466648859478,0.2310418143160879,0.002126151665485471,10.782235039748489,0.1068870523415978,0.0011019283746556473,0.09658543372618539,0.6126102567096989,0.05325155880197513,-0.27235484587816217,-0.115375635692369,0.35221659432676056,-0.12415476197449009,0.4075685511537088
T44,0,10.38608744182338,0.08576480990274093,0.008841732979664015,10.852376797361334,0.1423342822285482,0.01057340382269215,10.440778989232204,0.1127886323268206,0.004884547069271759,11.126774402848541,0.1436130007558579,0.008314436885865457,10.82316426453577,0.09566517189835576,0.004484304932735426,11.156675736568618,0.09526662672258837,0.008987417615338526,-0.05656947232580725,-0.46628935553795436,-0.02954564990172759,-0.41159780812913027,0.04794782885750214,0.30361013831277184,-0.0003985451757673869,0.33351147203284803
T49,0,10.024709492348224,0.11206159110350727,0.0,10.078410941788212,0.04346123727486296,0.00039154267815191856,10.403979771954,0.11341991341991342,0.0,10.566398545038828,0.12014134275618374,0.0,10.507558847272922,0.13722627737226278,0.0,10.994249337455688,0.06622148024485253,0.0,0.06860035382864432,-0.05370144943998767,0.06995867614505047,0.3255688301657891,-0.017084934616079045,0.05883969776590625,-0.07100479712741026,0.48669049018276667
T36,0,11.208436774647689,0.25185832968954963,0.00043725404459991256,11.58644553191689,0.15770171149144255,0.0016299918500407497,10.94586325176615,0.2494510320597277,0.000878348704435661,11.56899170991477,0.17809187279151945,0.0014134275618374558,11.307230205614916,0.08469750889679716,0.002135231316725979,11.330947673471705,0.08943543879262157,0.0005589714924538849,0.09415661819810708,-0.37800875726920147,0.09174932056828516,-0.6405822801507401,0.09339436389472229,0.26176150429985334,0.0047379298958244165,0.023717467856789298
T39,0,10.096521738740144,0.297008547008547,0.0008547008547008547,10.284438870750181,0.19175911251980982,0.0011885895404120444,10.144991858689366,0.2676295666949873,0.0008496176720475786,11.311631175678016,0.2711988304093567,0.003654970760233918,10.73701083683907,0.15541490857946555,0.0,10.980315684712505,0.14696132596685083,0.0011049723756906078,0.10524943448873719,-0.18791713201003724,0.07587045417517746,-0.1394470120608151,0.11578392182989117,0.5746203388389457,-0.008453582612614724,0.24330484787343387
T19,1,10.113189399406714,0.6599474145486416,0.003067484662576687,10.211245138022724,0.5625764370158989,0.005299633102323685,10.38038978624696,0.6270888302550571,0.01802990325417766,11.159958279286524,0.5662100456621004,0.0213089802130898,11.178165597992107,0.647918188458729,0.018991964937910884,11.47455070455672,0.4844827586206897,0.004022988505747126,0.09737097753274271,-0.09805573861600969,0.06451239323915825,0.16914464822423625,-0.08170814279662852,-0.01820731870558312,-0.16343542983803927,0.29638510656461214
T25,1,10.620261771951904,0.18034398034398033,0.005896805896805897,11.245071193698998,0.22413014008133755,0.004066877541798464,11.52486439592918,0.21265206812652068,0.004866180048661801,10.993968057740547,0.38237738985868663,0.005818786367414797,11.88300210771902,0.2355848434925865,0.0032948929159802307,11.321918292290192,0.2254259501965924,0.033420707732634336,-0.04378615973735722,-0.6248094217470932,-0.01147807195481687,0.27979320223018256,0.14679254636610015,-0.8890340499784735,-0.010158893295994093,-0.5610838154288285
T38,0,10.93957360371145,0.1942110177404295,0.01727357609710551,11.094409075463231,0.13822602431337236,0.0036019810895992796,10.734679779084733,0.29697260932244113,0.008649687650168188,11.248341652067477,0.13254113345521024,0.002742230347349177,11.613920057623291,0.16198347107438016,0.024793388429752067,11.996328327758729,0.10704960835509138,0.05352480417754569,0.05598499342705715,-0.15483547175178103,0.15874658500906877,-0.3597292963784984,-0.029442337619169923,-0.365578405555814,-0.05493386271928878,0.38240827013543743
T21,1,12.071009621312177,0.4117647058823529,0.004851425106124924,12.439290098883173,0.4228707564026206,0.005360333531864205,12.286828207066149,0.25095541401273885,0.008917197452229299,13.216252597118766,0.05702647657841141,0.012219959266802444,13.358576146078063,0.04904051172707889,0.0042643923240938165,13.093693362303892,0.07364341085271318,0.012919896640826873,-0.011106050520267696,-0.36828047757099647,-0.17191534238988176,-0.1524618918170244,0.007985964851332517,-0.14232354895929689,0.024602899125634292,-0.26488278377417096
T24,1,12.883942612762862,0.06467315716272601,0.006954102920723227,13.066314835512959,0.05601006922592826,0.0018879798615481435,12.886383402492905,0.061754385964912284,0.0035087719298245615,12.60144065855502,0.1027592768791627,0.0009514747859181732,12.411190010953144,0.10472659870250231,0.0018535681186283596,12.573622115968316,0.07029634734665748,0.008270158511371467,0.00866308793679775,-0.18237222275009657,0.005744316738984026,-0.17993143302005343,-0.001967321823339613,0.19025064760187682,-0.034430251355844835,0.16243210501517247
T48,0,9.951689323720567,0.12440398786302558,0.0,10.313912178471748,0.14324534161490685,0.00038819875776397513,10.146535058295802,0.1434634974533107,0.0008488964346349745,10.685036807832624,0.10312944523470839,0.0007112375533428165,10.166384060130852,0.005653710247349823,0.0028268551236749115,10.643964184789585,0.07466814159292036,0.0005530973451327434,-0.01884135375188127,-0.362222854751181,0.000218155838403844,-0.16737712017594575,0.09747573498735856,0.5186527477017719,0.06901443134557053,0.4775801246587328
T46,1,10.057797932512862,0.11178388448998602,0.002328830926874709,9.798815490752855,0.09736394557823129,0.0008503401360544217,9.932630931457478,0.19597754911131898,0.0004677268475210477,10.594886630629263,0.11618900077459333,0.000774593338497289,10.25041353535759,0.09453125,0.0,10.587183909559528,0.042729970326409496,0.0,0.014419938911754734,0.25898244176000773,0.0986136035330877,0.13381544070462326,0.021657750774593337,0.3444730952716739,-0.0518012796735905,0.33677037420193834
T60,0,10.382039467850852,0.27574468085106385,0.000425531914893617,10.148947825208522,0.20232558139534884,0.0007751937984496124,10.251412216049477,0.2593235039028621,0.002168256721595837,10.934142591376263,0.40117994100294985,0.003687315634218289,10.544797073210981,0.2727272727272727,0.0014316392269148174,11.174752235813452,0.42131419105466594,0.010491441192711209,0.07341909945571501,0.2330916426423304,0.05699792250751323,0.10246439084095549,0.12845266827567714,0.38934551816528185,0.14858691832739324,0.6299551626024709
T51,0,10.089286069775948,0.1490163248221013,0.0,9.70974091302855,0.14804793196752997,0.0011596443757247777,9.544602957548756,0.2465292385359697,0.0,10.72298177976713,0.37873270211216314,0.0021849963583394027,10.971735382532568,0.3316796598157335,0.001417434443656981,10.755425496493833,0.23608017817371937,0.009465478841870824,0.0009683928545713427,0.3795451567473975,0.09848130656843973,-0.16513795547979448,0.04705304229642965,-0.24875360276543823,-0.09559948164201412,-0.2163098860387347
T29,1,10.691430168600908,0.2982683982683983,0.0025974025974025974,11.201972599872754,0.22596899224806202,0.0031007751937984496,10.844765176550643,0.27353463587921845,0.005772646536412078,11.078991110760699,0.27593659942363113,0.00792507204610951,10.757042356144966,0.27801724137931033,0.0014367816091954023,10.816076408830801,0.25572305974316023,0.00446677833612507,0.07229940602033627,-0.5105424312718458,0.04756564363115642,-0.35720742332211053,-0.0020806419556791966,0.32194875461573247,-0.0222941816361501,0.05903405268583484
T34,0,10.028031865366394,0.3247972684592403,0.0004268032437046522,10.05204201868622,0.25261121856866536,0.0,10.20547053715294,0.3143350604490501,0.0,11.161278381596428,0.21961620469083157,0.010660980810234541,10.647882908043686,0.3572953736654804,0.0,10.45722953476367,0.28579264947888094,0.0027427317608337905,0.07218604989057492,-0.0240101533198267,0.06172384188038471,0.15342851846672012,-0.13767916897464885,0.5133954735527428,-0.07150272418659948,-0.19065337328001597
T17,1,13.04842737138173,0.13765642775881684,0.009101251422070534,13.128800978437953,0.0807799442896936,0.007428040854224698,12.927258389619919,0.22808764940239043,0.00398406374501992,13.532013857388709,0.03759398496240601,0.018796992481203006,13.515095970254842,0.09561752988047809,0.01593625498007968,13.047436541181819,0.058098591549295774,0.007042253521126761,0.056876483469123246,-0.08037360705622376,0.14730770511269684,-0.20154258881803422,-0.05802354491807207,0.016917887133866216,-0.03751893833118231,-0.4676594290730236
T12,0,9.840491343153538,0.0,0.0,9.578138055461084,0.0,0.0,9.831687947128533,0.0,0.0,10.224699501702618,0.0007158196134574087,0.0007158196134574087,9.388613552207667,0.0,0.0,10.500195283670926,0.003865267807840972,0.0,0.0,0.2623532876924539,0.0,0.2535498916674488,0.0007158196134574087,0.8360859494949509,0.003865267807840972,1.111581731463259
T47,0,11.387169649849415,0.38569009314140557,0.0275190516511431,11.791116345283742,0.2453560371517028,0.009674922600619196,10.990235258845106,0.37369337979094075,0.006533101045296167,11.275520164198872,0.49708029197080295,0.008029197080291971,11.654746409111082,0.3736878936319104,0.021693491952414275,11.929769187949574,0.36261891438164523,0.038052602126468944,0.14033405598970278,-0.4039466954343265,0.12833734263923796,-0.8008810864386362,0.12339239833889254,-0.3792262449122106,-0.011068979250265176,0.27502277883849224
T59,0,9.865869573940172,0.1801215277777778,0.001736111111111111,9.913913747469424,0.1555909271786709,0.002785515320334262,9.866584841909752,0.19252747252747252,0.004395604395604396,10.87886257486322,0.12267657992565056,0.0052044609665427505,11.101913970397275,0.0748349229640499,0.00293470286133529,11.337468392818266,0.1079136690647482,0.004796163069544364,0.02453060059910689,-0.048044173529252276,0.036936545348801614,-0.04732890555967195,0.04784165696160067,-0.22305139553405517,0.0330787461006983,0.23555442242099112
T35,0,9.561260880893387,0.036290322580645164,0.0,10.9285377704989,0.03683549602344077,0.0,10.12348855920791,0.03126436781609195,0.0,10.785757298952964,0.06846673095467695,0.017357762777242044,10.655160456041704,0.011476664116296864,0.0,11.20482321879041,0.0006027727546714888,0.0,-0.0005451734427956087,-1.3672768896055132,-0.00557112820734882,-0.8050492112909904,0.056990066838380087,0.13059684291125961,-0.010873891361625376,0.5496627627487065
T22,1,10.531770663150263,0.09395973154362416,0.009108341323106424,10.631476749235237,0.0580875781948168,0.012511170688114389,10.36716790629879,0.10989010989010989,0.007644529383659818,10.946763048712505,0.07492354740061162,0.0061162079510703364,10.953831231876713,0.08110119047619048,0.015625,11.1994025326457,0.09289617486338798,0.0024286581663630845,0.03587215334880736,-0.09970608608497322,0.051802531695293086,-0.2643088429364475,-0.006177643075578859,-0.007068183164207653,0.011794984387197505,0.2455713007689866
T50,0,10.26388062793753,0.341876629018245,0.003909643788010426,10.3417488930664,0.3322709163346614,0.004780876494023904,10.304829503871959,0.3663053297199639,0.006775067750677507,11.148197543765896,0.4820775420629115,0.014630577907827359,10.929019133563955,0.45965951147298295,0.02146558105107328,10.8932019397421,0.4340782122905028,0.00558659217877095,0.009605712683583623,-0.07786826512887046,0.0340344133853025,-0.036919389194441266,0.022418030589928528,0.21917841020194118,-0.025581299182480144,-0.03581719382185433
